2:13:03	Z	123	
0:20:47	P	ひらがな	
0:25:40	H	123	
1:59:07	F	123	
0:56:04	T	かな✒	
1:05:59	D	//	
1:27:27	K	かな✒	
0:47:31	V	カタカナ	
1:53:07	Q	\'_'	
1:52:40	E	\'_'	
1:59:03	N	漢字	
1:37:55	H	ｚｅｎ	
2:15:04	P	//	100
0:10:16	J	✒	
0:56:57	H	//	
0:38:14	A	123	
2:06:38	H	\'_'	
0:48:57	H	ｚｅｎ	10000
0:37:59	M	カタカナ	
1:53:13	S	漢字	
1:05:23	E	ｚｅｎ	200
0:48:18	E	ｚｅｎ	
0:42:05	Z	✒	
1:22:26	G	abc	
1:14:42	S	✒	200
2:05:02	S	ひらがな	
0:30:01	U	123	50000
2:11:26	J	かな✒	
2:16:36	F	abc	
1:17:11	N	かな✒	
0:08:50	D	ひらがな	
0:43:04	C	//	
0:30:02	S	ひらがな	100
2:17:03	K	\'_'	
0:37:22	Y	ｚｅｎ	
1:52:23	A	カタカナ	
1:35:25	Z	\'_'	
2:10:24	D	かな✒	
1:14:17	L	123	
2:12:04	I	ひらがな	
0:40:23	I	ｚｅｎ	
1:55:10	A	漢字	
1:06:54	N	ひらがな	
1:56:45	O	123	
1:34:42	W	かな✒	500
1:18:57	P	✒	
0:33:34	B	123	
1:50:36	W	かな✒	
0:39:54	A	ひらがな	
0:21:33	V	\'_'	
2:14:11	Y	ｚｅｎ	1000
0:26:10	T	かな✒	
0:47:55	O	//	
2:10:55	Y	かな✒	
1:54:16	V	\'_'	
1:09:23	A	//	
0:51:02	K	//	100
1:58:26	G	ｚｅｎ	
2:07:49	J	ひらがな	200
1:07:19	E	//	
1:31:07	E	abc	
0:27:23	O	//	
1:03:22	C	漢字	
0:41:51	H	✒	
0:34:56	W	ｚｅｎ	
1:11:59	T	かな✒	2000
1:05:58	T	✒	
2:19:38	Y	かな✒	
1:52:45	A	123	
1:51:23	B	abc	
1:55:48	X	かな✒	
1:45:11	P	//	
1:56:54	Y	ひらがな	
2:04:16	Z	ｚｅｎ	
0:42:16	U	ひらがな	
1:24:44	A	//	
1:40:32	X	ｚｅｎ	1000
1:12:27	M	ひらがな	
1:57:35	H	123	
1:25:31	P	ｚｅｎ	
0:34:46	F	//	200
1:08:50	G	カタカナ	
1:17:16	P	\'_'	
1:45:26	P	ｚｅｎ	100
1:24:10	Z	123	200
0:13:42	J	✒	
1:06:56	W	かな✒	
1:52:38	C	abc	
0:47:04	C	かな✒	
1:15:41	Y	abc	
0:30:52	X	abc	
2:18:01	P	✒	
1:48:47	T	かな✒	200
0:34:26	L	//	
0:25:33	I	\'_'	
0:33:07	A	✒	
0:32:58	A	カタカナ	
1:59:38	O	ひらがな	1000
2:05:32	R	\'_'	
0:34:29	E	かな✒	
1:34:36	Z	//	
0:57:30	J	\'_'	
2:04:15	C	漢字	
0:34:57	A	かな✒	
0:45:19	O	abc	
0:08:28	F	\'_'	
1:05:30	I	//	
0:20:23	P	ひらがな	
1:11:02	X	かな✒	
0:51:33	X	123	
2:05:33	F	123	
1:16:31	G	abc	
1:36:15	K	123	
0:04:56	A	漢字	
2:00:14	E	漢字	
1:07:22	F	カタカナ	
1:21:25	I	漢字	
1:48:24	K	ｚｅｎ	
2:01:58	A	カタカナ	
2:10:14	B	ｚｅｎ	
0:23:10	D	ｚｅｎ	
1:40:27	E	✒	
0:26:25	J	123	
2:19:19	M	漢字	
1:43:02	J	abc	
1:16:36	J	\'_'	50000
0:49:30	V	漢字	
2:10:20	X	ｚｅｎ	
2:18:50	N	//	
2:09:49	Q	//	
1:27:29	C	かな✒	
1:16:50	L	abc	
1:06:38	H	ひらがな	
1:08:12	E	123	
0:12:41	X	123	
0:14:52	K	カタカナ	
0:34:07	A	ｚｅｎ	
1:01:39	R	漢字	
0:58:25	M	✒	
1:26:14	L	ｚｅｎ	
1:13:17	F	✒	
1:39:41	S	\'_'	100
1:58:12	G	漢字	
1:31:30	V	ひらがな	
2:20:11	C	abc	
0:47:18	H	かな✒	
1:07:15	J	ひらがな	
1:48:24	L	かな✒	
1:06:23	C	漢字	
0:13:58	N	ひらがな	
2:23:06	P	//	
2:01:06	H	カタカナ	
0:57:40	T	かな✒	
0:16:15	E	123	
1:25:32	B	//	
0:43:39	B	abc	
0:01:09	B	\'_'	
1:08:23	B	かな✒	
1:20:56	F	漢字	
0:30:11	G	\'_'	
1:23:53	M	✒	500
0:56:45	U	✒	
1:17:04	A	カタカナ	
1:51:03	R	ひらがな	2000
2:22:02	K	✒	
1:10:23	S	\'_'	
1:56:00	H	かな✒	2000
1:46:11	J	//	
1:08:34	K	123	
0:58:39	C	かな✒	
2:02:15	J	漢字	
2:22:46	M	カタカナ	
2:20:15	R	//	
0:03:13	X	漢字	
0:44:17	F	//	
1:38:19	D	//	10000
0:59:18	V	\'_'	
1:59:52	T	//	
0:20:10	H	漢字	
0:38:26	T	✒	
1:14:48	K	✒	
1:24:11	R	かな✒	
0:05:47	B	かな✒	
1:33:15	J	abc	
0:58:16	I	//	
0:00:14	V	abc	
0:01:15	X	//	
0:24:36	A	123	
1:21:42	O	//	
0:51:43	X	✒	
1:57:05	E	✒	
1:08:32	S	漢字	
2:01:47	E	abc	
1:27:00	C	✒	
0:10:59	X	カタカナ	
2:15:59	Z	かな✒	
0:06:54	L	ｚｅｎ	
0:25:28	U	abc	
0:19:53	N	//	
0:10:30	Q	abc	
1:05:41	R	\'_'	
0:52:33	Q	✒	
2:16:24	R	abc	200
1:34:10	X	\'_'	
0:34:41	J	//	200
0:26:38	E	カタカナ	
0:21:43	V	✒	
0:50:46	Q	✒	500
0:35:12	R	\'_'	
0:19:37	M	かな✒	200
1:35:39	T	\'_'	
1:12:22	I	✒	
1:18:06	H	\'_'	
0:43:40	R	✒	100
1:29:51	Y	漢字	
0:32:28	B	123	
0:38:05	P	\'_'	
1:44:54	G	漢字	
0:22:34	G	漢字	
2:21:13	I	\'_'	
1:27:04	F	かな✒	100
1:50:29	V	abc	
1:18:29	U	漢字	
1:30:10	P	カタカナ	
0:53:37	X	//	200
1:29:04	U	✒	
1:03:10	J	abc	
0:47:44	J	カタカナ	500
0:55:33	U	ひらがな	
0:38:18	C	//	
0:56:56	F	abc	100
0:51:34	A	ｚｅｎ	100
1:39:12	Q	ひらがな	
0:03:32	J	//	
0:10:10	V	//	
0:35:35	G	\'_'	100
0:31:15	N	ひらがな	
1:26:05	S	abc	
0:19:47	Q	ひらがな	
1:25:46	E	✒	
0:09:39	Q	//	
0:10:27	F	ｚｅｎ	
0:34:07	A	ｚｅｎ	
0:57:26	Q	123	
0:40:38	Z	漢字	
2:15:48	B	漢字	
1:37:35	R	123	
2:08:15	I	かな✒	
0:47:46	J	//	
1:51:57	T	✒	
0:22:53	F	123	
1:01:40	W	カタカナ	
0:10:32	R	ｚｅｎ	
1:59:49	E	カタカナ	
1:42:39	Y	ひらがな	
0:13:41	R	かな✒	100
0:51:35	C	ひらがな	
0:04:05	T	123	100
1:10:43	C	ｚｅｎ	
1:23:10	P	漢字	100
1:44:58	Y	カタカナ	1000
1:13:06	Y	ひらがな	
1:54:40	K	ひらがな	
0:53:37	B	//	
1:30:34	U	123	
1:35:09	O	漢字	
0:45:37	E	漢字	
0:24:41	W	かな✒	
0:04:28	K	かな✒	200
1:34:52	P	ひらがな	
1:09:33	O	ｚｅｎ	
1:39:13	M	かな✒	2000
2:23:58	K	ひらがな	
2:11:44	Z	ｚｅｎ	
0:35:20	Y	123	100
0:05:44	L	ｚｅｎ	
1:34:54	X	ひらがな	
2:06:25	E	✒	200
2:02:11	Q	かな✒	200
2:15:23	Z	✒	
0:04:33	H	かな✒	
0:07:58	P	\'_'	
1:54:27	Z	abc	1000
2:22:17	C	abc	500
1:53:08	T	\'_'	
1:04:10	K	ｚｅｎ	
2:23:41	O	✒	200
0:28:07	P	ｚｅｎ	
1:47:51	F	カタカナ	
1:23:10	R	\'_'	
0:47:21	J	123	
0:35:29	R	✒	
1:03:50	U	ひらがな	
1:51:18	L	✒	5000
1:13:00	J	abc	
1:38:38	Z	✒	
0:16:24	A	\'_'	
0:24:03	B	✒	
1:34:39	W	✒	
2:10:26	H	abc	
1:55:14	Z	//	
1:33:54	V	✒	
2:01:12	B	ひらがな	1000
1:55:30	V	abc	
0:41:39	O	✒	
0:32:04	O	ひらがな	
0:32:03	J	ｚｅｎ	
0:19:18	H	カタカナ	
1:53:19	F	ひらがな	
1:11:22	V	123	
1:50:25	D	ｚｅｎ	
1:41:00	F	\'_'	20000
1:33:36	X	ひらがな	100
1:59:32	Y	abc	
0:28:54	C	ｚｅｎ	
1:06:56	D	ひらがな	
2:02:03	V	かな✒	2000
1:38:19	O	ｚｅｎ	
1:22:48	G	\'_'	
0:00:54	F	ひらがな	
0:56:43	I	かな✒	
2:02:11	P	カタカナ	
1:34:33	K	123	
2:20:34	G	✒	
0:51:51	C	かな✒	
0:47:24	L	ｚｅｎ	
1:26:59	C	ｚｅｎ	200
2:20:57	S	漢字	
0:24:00	M	ｚｅｎ	
1:53:42	M	ひらがな	
1:55:26	D	かな✒	
0:27:02	E	\'_'	500
1:07:33	O	漢字	
1:21:17	E	123	
0:37:20	L	\'_'	
1:22:36	I	漢字	
2:17:59	C	ひらがな	
1:45:03	A	//	
1:54:16	V	漢字	
0:20:32	R	123	
1:58:05	H	\'_'	
1:06:19	E	✒	
2:01:56	S	ひらがな	
1:19:15	A	カタカナ	
1:39:43	T	abc	
0:22:11	G	\'_'	
2:01:14	D	かな✒	
0:35:43	Q	かな✒	
2:22:53	A	//	
0:11:19	X	abc	2000
2:00:51	Q	カタカナ	
0:38:34	D	漢字	100
1:48:43	I	✒	1000
1:22:26	W	かな✒	
0:50:34	B	\'_'	500
0:14:47	X	かな✒	
0:40:43	R	ｚｅｎ	
0:21:27	H	ｚｅｎ	
1:21:14	J	\'_'	
0:53:10	Q	ひらがな	100
2:21:57	F	123	
2:11:53	Z	カタカナ	
1:07:34	N	✒	
0:16:49	E	ｚｅｎ	
0:05:08	B	かな✒	
0:10:07	W	ｚｅｎ	
2:19:56	U	✒	
1:26:08	B	ｚｅｎ	
1:00:08	O	漢字	
0:25:15	C	ｚｅｎ	
1:23:06	Z	abc	
1:26:12	D	かな✒	
1:42:04	U	\'_'	200
1:07:49	N	//	
0:43:14	Z	abc	200
0:02:00	O	漢字	
1:53:22	Z	ひらがな	
1:16:54	U	かな✒	
1:47:36	P	かな✒	
0:39:06	J	abc	
0:35:35	E	ｚｅｎ	
0:29:43	C	//	
1:25:33	O	abc	
1:03:55	J	✒	
0:38:37	A	//	100
0:31:15	H	漢字	
1:30:38	R	ひらがな	
0:18:47	B	ひらがな	200
0:51:03	G	\'_'	
1:19:33	X	ひらがな	200
1:54:32	E	かな✒	
1:16:16	C	✒	
1:31:35	F	\'_'	
1:02:00	J	カタカナ	
0:05:09	U	\'_'	
0:34:41	P	✒	
1:33:11	L	abc	
1:28:58	O	かな✒	
0:04:20	H	カタカナ	
0:29:14	U	✒	
2:00:25	I	ひらがな	
1:01:54	A	ひらがな	
2:10:28	X	//	
1:59:40	Q	abc	
1:18:43	V	123	
1:42:08	V	かな✒	
1:59:43	D	ｚｅｎ	
1:58:55	N	カタカナ	
0:08:01	F	ひらがな	
1:12:18	I	ｚｅｎ	
0:52:02	W	123	500
0:19:57	Z	✒	500
0:13:32	Z	漢字	1000
1:00:46	X	123	5000
1:18:16	F	✒	
0:53:51	Y	漢字	
0:31:52	E	ｚｅｎ	
0:27:13	Y	\'_'	
1:16:21	W	123	
0:33:42	B	abc	
0:03:27	Q	abc	
1:43:47	X	かな✒	
1:59:20	V	漢字	
1:29:15	W	ｚｅｎ	
1:04:25	W	カタカナ	
0:55:26	Y	かな✒	
1:21:22	H	ひらがな	
0:08:24	J	カタカナ	
1:10:41	L	abc	
2:05:44	T	ｚｅｎ	
1:12:51	R	漢字	2000
0:37:55	Y	ひらがな	
1:42:38	Z	かな✒	200
2:21:41	E	漢字	
1:43:48	S	ひらがな	500
1:25:58	V	\'_'	
1:00:34	J	✒	
1:29:43	C	//	
0:57:08	J	//	
1:40:10	B	✒	
0:03:43	M	//	
0:08:25	R	ひらがな	
0:49:45	S	\'_'	5000
0:48:31	C	✒	
2:23:07	J	✒	
0:00:30	B	漢字	2000
0:26:29	Q	カタカナ	
0:26:39	E	✒	
1:59:13	J	かな✒	
1:16:49	G	ｚｅｎ	100
0:34:08	C	//	
0:33:07	A	123	
2:01:16	H	123	
2:11:58	W	かな✒	
0:45:18	D	かな✒	
0:18:45	E	✒	
0:02:09	M	カタカナ	100
0:15:46	Y	123	
1:54:28	B	ひらがな	
2:17:27	P	かな✒	
0:17:46	W	123	
1:27:52	F	123	
1:01:07	U	✒	
1:30:21	M	//	
1:05:34	B	かな✒	
2:11:22	F	123	
1:36:51	O	漢字	
1:32:51	E	\'_'	
1:05:48	R	カタカナ	
1:50:51	T	かな✒	100
1:52:46	Q	abc	
1:14:34	L	\'_'	
1:37:57	K	カタカナ	100
1:39:49	Y	漢字	
1:26:39	B	✒	
1:12:04	L	ひらがな	
1:17:00	M	ｚｅｎ	
2:03:51	S	ひらがな	
0:55:15	N	ｚｅｎ	
0:22:52	E	ひらがな	
0:49:33	I	かな✒	
1:50:22	F	カタカナ	
1:10:48	B	ひらがな	
0:19:30	F	123	
1:23:53	X	漢字	
2:01:59	G	\'_'	200
0:05:42	O	漢字	
2:22:20	Y	abc	
1:24:12	P	漢字	
2:00:09	U	\'_'	
1:41:06	I	//	
0:50:09	M	abc	
2:05:22	J	ひらがな	
1:50:27	R	//	
1:49:20	J	かな✒	
0:44:41	Q	漢字	
0:49:15	K	ひらがな	
2:01:59	S	ひらがな	
0:01:44	H	123	
2:15:21	L	✒	
0:19:23	E	かな✒	1000
1:40:27	P	カタカナ	
1:50:27	L	かな✒	
2:16:12	B	ｚｅｎ	
0:15:47	M	カタカナ	
1:31:55	D	123	
1:55:07	D	abc	
0:41:49	M	漢字	
1:55:25	U	//	
2:13:01	F	漢字	
1:00:44	I	かな✒	
1:39:11	V	\'_'	
0:53:44	B	abc	
1:49:59	I	ひらがな	
1:51:47	P	//	
0:34:45	N	123	
0:19:54	Y	✒	200
2:07:58	D	123	
0:24:14	Y	漢字	
0:08:01	I	✒	500
1:14:39	F	\'_'	
0:48:05	N	//	
1:06:28	P	漢字	
2:03:51	T	かな✒	
0:20:58	V	✒	1000
0:15:39	X	//	
2:07:11	K	\'_'	
1:44:24	O	//	500
0:59:01	M	123	
1:21:01	M	漢字	
0:42:29	Y	abc	
0:11:34	Y	123	
2:23:55	O	abc	
2:00:25	M	//	
0:20:25	U	ｚｅｎ	
1:46:24	U	ｚｅｎ	200
1:32:34	D	カタカナ	
0:02:56	P	ひらがな	
0:10:54	S	\'_'	2000
0:59:08	Y	123	
0:34:37	G	かな✒	
0:26:08	J	ひらがな	
0:31:18	R	✒	
0:05:05	Z	漢字	
0:28:19	A	123	
1:19:24	A	かな✒	200
1:38:14	S	abc	
0:45:34	R	カタカナ	
0:42:21	U	カタカナ	
1:01:25	R	カタカナ	
0:41:03	P	かな✒	
0:42:26	B	ひらがな	
0:37:47	N	ひらがな	
0:41:07	W	かな✒	
2:14:35	X	かな✒	
0:16:57	E	abc	1000
0:12:58	E	カタカナ	
1:32:44	W	✒	
2:10:11	Q	漢字	
2:13:17	C	\'_'	
0:09:54	A	abc	
0:33:51	P	カタカナ	200
0:29:31	K	123	200
0:19:40	E	漢字	
1:12:16	J	abc	
2:16:55	G	漢字	
2:01:38	F	//	
1:43:42	T	//	
0:55:15	T	ひらがな	
2:02:16	A	abc	
0:42:35	C	カタカナ	
0:31:48	K	123	
2:01:16	M	\'_'	
2:08:23	G	漢字	
2:14:18	A	//	
2:07:20	R	123	
2:12:28	Y	ひらがな	
0:03:33	S	//	500
1:56:49	L	ひらがな	
1:06:19	F	//	
1:45:32	H	✒	
1:48:05	L	123	2000
0:12:28	A	abc	
0:20:49	G	かな✒	
0:58:15	Z	✒	
0:12:56	M	//	
0:19:45	H	123	
0:56:28	X	//	1000
1:43:56	D	ひらがな	
1:39:54	A	abc	
0:33:59	N	カタカナ	
1:21:55	X	かな✒	
1:54:39	F	ひらがな	
1:35:48	J	かな✒	
1:05:11	Z	\'_'	
0:35:17	S	ｚｅｎ	
0:45:49	N	✒	
1:35:15	Y	\'_'	
2:08:13	O	123	
0:39:36	E	かな✒	200
0:03:59	Q	漢字	
2:01:08	P	ｚｅｎ	
2:22:09	C	かな✒	2000
2:23:31	W	✒	
1:48:02	W	123	
1:06:00	X	123	
2:03:27	I	漢字	
0:26:42	U	かな✒	
2:22:04	Z	カタカナ	
0:45:41	W	漢字	
1:53:17	V	カタカナ	
1:42:43	A	123	
0:31:25	J	かな✒	500
0:41:26	W	123	
0:48:09	Y	✒	
1:43:23	I	123	
1:49:56	P	漢字	
1:00:33	B	✒	
0:29:01	N	ひらがな	
0:32:06	B	123	
1:01:49	O	✒	1000
1:23:50	V	漢字	
2:17:18	O	かな✒	
1:51:12	J	漢字	
1:15:24	X	ｚｅｎ	
1:41:28	V	漢字	
1:51:18	A	123	
0:39:00	B	カタカナ	
0:07:18	N	✒	
1:35:34	U	かな✒	
2:13:16	U	//	
1:48:47	M	漢字	
1:33:25	G	\'_'	
2:04:58	B	abc	
0:59:39	O	abc	100
1:17:24	M	カタカナ	
0:50:56	I	abc	
2:12:05	P	123	
1:16:46	R	ｚｅｎ	
1:39:28	Q	漢字	1000
0:52:16	W	かな✒	
1:05:34	K	\'_'	
1:25:30	T	abc	100
1:29:56	T	ひらがな	
2:00:11	K	ｚｅｎ	
0:40:33	K	123	
2:22:16	I	123	
1:43:12	B	//	
1:57:23	Z	カタカナ	
0:51:40	R	ｚｅｎ	2000
0:47:03	U	かな✒	500
1:56:06	H	カタカナ	
1:57:23	K	ひらがな	20000
1:04:26	L	123	
0:05:33	W	//	
2:18:24	Z	\'_'	
0:49:55	B	ひらがな	
0:10:31	F	ひらがな	
1:54:10	H	123	
0:03:01	X	ｚｅｎ	
0:20:54	D	カタカナ	
1:06:02	R	ｚｅｎ	500
1:19:40	A	ｚｅｎ	
0:37:23	Q	123	
1:21:14	B	//	
1:27:28	Z	漢字	
0:24:44	S	ひらがな	
1:36:37	A	カタカナ	10000
1:00:36	M	✒	
0:39:08	P	カタカナ	
2:05:25	H	かな✒	
0:48:01	P	\'_'	2000
0:41:48	V	\'_'	
1:58:17	D	漢字	50000
1:37:28	Q	123	
1:47:14	L	123	
0:01:08	T	カタカナ	
0:01:03	U	漢字	
1:26:04	I	✒	
1:47:40	V	漢字	
0:54:35	D	カタカナ	1000
0:10:37	W	ｚｅｎ	
1:15:54	L	ひらがな	
1:43:27	I	かな✒	
1:45:24	S	✒	
1:28:27	X	123	
1:11:30	B	かな✒	
2:17:03	X	ひらがな	
2:03:24	A	ｚｅｎ	
0:51:12	O	\'_'	
1:58:18	R	漢字	
1:26:09	X	カタカナ	
1:25:39	R	かな✒	
1:21:07	Z	ｚｅｎ	100
0:29:30	Q	ｚｅｎ	
1:35:34	Z	ひらがな	
1:17:02	U	//	
2:23:53	J	//	
1:48:46	Z	//	2000
1:50:41	Q	//	
1:59:08	I	漢字	
0:51:57	W	カタカナ	
1:14:07	S	123	100
2:03:22	E	漢字	
0:01:22	G	カタカナ	
1:50:41	O	ひらがな	
1:28:03	I	abc	
2:02:00	C	//	
1:36:22	Q	ｚｅｎ	
1:27:17	O	かな✒	100
0:17:21	H	✒	
2:21:03	I	ｚｅｎ	200
2:03:46	P	abc	
0:47:14	D	abc	
1:21:13	Z	カタカナ	10000
0:10:01	C	abc	
0:08:54	S	//	
2:13:56	S	ｚｅｎ	
0:04:26	T	abc	
0:36:33	F	//	
0:51:07	M	✒	
1:12:50	Y	✒	100
1:25:16	W	123	
1:25:37	U	123	
1:04:41	M	abc	100
1:29:19	G	かな✒	
0:42:49	O	カタカナ	
0:32:44	O	✒	
1:20:17	E	123	
0:41:10	G	ひらがな	
1:16:36	W	カタカナ	
0:45:52	E	かな✒	
1:36:42	G	カタカナ	
0:08:03	B	ひらがな	1000
1:30:32	U	123	1000
0:48:35	C	ひらがな	
2:07:47	S	漢字	
2:14:24	V	123	200
0:06:15	L	//	
0:04:37	V	abc	
0:52:40	D	かな✒	
2:15:04	D	カタカナ	
2:16:11	A	かな✒	
0:09:09	W	ｚｅｎ	
2:17:44	G	✒	
1:56:08	P	ｚｅｎ	
1:24:21	G	カタカナ	
0:25:12	Z	✒	
1:50:16	H	ｚｅｎ	
0:25:42	Q	ｚｅｎ	
1:51:42	B	カタカナ	
0:17:25	E	ｚｅｎ	
0:06:46	H	\'_'	
0:29:25	L	ｚｅｎ	
0:50:29	W	ひらがな	
2:16:25	B	123	
0:55:24	D	//	
0:37:18	F	ひらがな	
0:39:29	P	カタカナ	
1:45:54	C	カタカナ	
0:02:53	Y	//	
1:52:04	W	123	
1:44:54	E	カタカナ	
1:20:37	C	//	
0:01:01	Y	abc	
0:05:48	S	かな✒	
1:25:36	T	//	
1:57:35	C	カタカナ	
1:58:55	G	カタカナ	
2:08:22	A	123	
0:27:09	A	漢字	
0:14:12	G	カタカナ	10000
0:20:02	R	カタカナ	
0:04:52	U	カタカナ	
1:31:49	N	漢字	
1:29:39	G	カタカナ	
1:54:04	S	かな✒	2000
2:03:16	T	かな✒	
0:11:42	Y	ｚｅｎ	
1:55:22	E	漢字	
1:00:16	J	かな✒	
0:26:31	E	漢字	100
0:31:39	K	かな✒	
1:36:10	O	漢字	
1:57:33	Y	かな✒	
2:10:58	R	ｚｅｎ	
0:05:17	C	✒	
0:44:23	B	漢字	
0:12:47	H	123	
1:16:39	Q	かな✒	100
0:59:51	A	かな✒	500
0:30:56	X	✒	500
0:13:06	Z	123	
1:07:56	I	123	2000
2:11:56	J	\'_'	
0:09:19	Y	//	
2:10:12	W	ひらがな	
0:00:04	B	\'_'	
2:01:20	C	ひらがな	2000
1:05:28	Q	かな✒	100
2:18:11	G	abc	
1:49:53	H	123	
0:39:36	W	カタカナ	100
2:05:00	T	abc	1000
1:51:59	Y	abc	200
1:39:34	E	ひらがな	
1:41:22	D	abc	
1:28:33	J	ひらがな	
1:15:32	K	abc	500
1:33:42	I	✒	
1:44:37	U	漢字	
0:34:42	Z	かな✒	
1:39:04	O	123	
0:25:41	R	✒	
2:13:09	D	✒	
0:26:10	O	✒	100
2:09:15	Z	✒	1000
0:12:40	F	かな✒	
2:07:29	M	かな✒	
2:13:53	D	ｚｅｎ	
0:38:43	C	ひらがな	
1:13:08	L	漢字	
0:04:04	G	//	
0:31:33	U	✒	100
0:53:28	E	//	
0:18:52	T	✒	
0:25:02	S	//	
1:04:36	L	//	
1:00:38	K	ｚｅｎ	
1:41:15	O	カタカナ	500
2:16:13	N	ひらがな	
0:57:10	X	//	
2:02:30	D	かな✒	
2:01:31	K	✒	
1:05:41	I	かな✒	
1:11:01	G	ｚｅｎ	
0:53:00	V	ひらがな	200
2:10:29	B	\'_'	
1:36:39	W	漢字	100
1:20:26	C	かな✒	
0:41:00	G	//	
0:55:01	K	abc	
2:23:11	R	\'_'	
1:29:37	S	ｚｅｎ	
1:49:54	K	abc	100
2:14:44	T	\'_'	
1:03:06	Q	カタカナ	
1:45:04	X	abc	
1:18:43	Y	123	100
2:22:31	F	カタカナ	
2:15:38	C	//	
1:09:31	P	\'_'	200
0:59:18	S	\'_'	
2:07:15	Z	//	100
1:55:17	R	123	
0:46:42	N	漢字	
0:02:36	K	カタカナ	
0:08:01	O	\'_'	
1:39:33	J	カタカナ	
0:21:22	Q	ｚｅｎ	5000
1:04:47	W	カタカナ	
1:12:07	N	\'_'	1000
1:01:37	G	//	5000
0:07:40	O	//	
0:10:38	X	漢字	
0:47:15	W	漢字	
1:54:21	G	//	200
1:42:13	D	かな✒	
1:52:35	Q	ひらがな	
0:43:13	U	かな✒	
1:10:03	I	//	500
0:09:35	R	✒	
0:47:24	U	//	
2:08:58	M	漢字	
2:06:07	J	//	
0:49:55	V	✒	1000
2:07:30	L	漢字	500
0:21:20	C	漢字	
0:00:56	A	漢字	
1:10:09	G	abc	
0:58:06	K	ｚｅｎ	
0:11:39	D	カタカナ	
0:42:31	C	123	
2:01:23	Q	漢字	
1:28:23	Q	ｚｅｎ	100
0:12:56	O	漢字	
0:37:43	E	//	200
1:15:57	C	ひらがな	
1:16:52	M	ひらがな	
2:20:54	B	ｚｅｎ	
0:27:57	B	//	
0:03:27	D	✒	200
0:47:20	C	カタカナ	
2:18:32	S	\'_'	5000
0:38:02	O	かな✒	
0:06:18	Q	漢字	5000
1:24:30	K	123	
1:18:40	D	かな✒	
0:50:19	Q	ひらがな	
0:46:40	S	//	
2:09:25	Q	カタカナ	5000
0:25:41	J	ひらがな	
1:04:52	D	ｚｅｎ	2000
1:32:36	C	カタカナ	2000
0:25:56	I	かな✒	
1:32:00	D	ひらがな	
0:45:25	M	✒	
0:27:19	E	//	200
0:22:58	I	ひらがな	
0:42:37	T	\'_'	100
2:10:23	C	ひらがな	
0:15:33	G	abc	
0:43:20	Z	//	
0:40:47	Z	✒	200
1:37:59	Z	✒	
1:59:34	M	ｚｅｎ	
0:17:01	J	abc	
0:27:10	Z	ｚｅｎ	200
1:59:01	I	ｚｅｎ	
2:14:26	S	ひらがな	200
1:04:38	Y	\'_'	
1:14:29	G	abc	
1:55:24	S	abc	
2:10:08	Z	\'_'	
0:46:40	K	//	
0:09:51	Q	ｚｅｎ	
1:15:55	E	\'_'	1000
0:41:52	V	ｚｅｎ	
1:57:41	J	//	
0:17:01	P	abc	2000
2:17:02	H	ひらがな	
1:59:31	X	abc	
2:08:17	J	ｚｅｎ	
1:44:49	Q	かな✒	
0:09:51	O	abc	
1:25:18	D	//	
1:11:05	C	ひらがな	
1:17:21	P	//	
2:22:02	X	\'_'	100
1:49:35	C	漢字	
0:09:42	R	ｚｅｎ	
0:27:32	Z	ｚｅｎ	
0:05:54	I	ｚｅｎ	
0:50:38	I	かな✒	
1:57:25	W	//	
1:01:59	C	ｚｅｎ	
0:30:42	J	✒	
0:24:36	M	✒	
1:35:26	M	漢字	
0:53:41	O	ひらがな	
0:36:27	B	ひらがな	1000
0:55:00	N	abc	
0:06:58	L	ひらがな	
1:25:21	P	漢字	
1:22:52	W	✒	
0:45:22	K	✒	
2:06:08	B	カタカナ	1000
0:27:45	V	カタカナ	
1:48:41	D	かな✒	
0:00:42	B	abc	
0:13:18	R	ｚｅｎ	
1:46:00	N	✒	
0:25:18	I	ｚｅｎ	100
1:16:13	B	123	100
1:16:36	M	ｚｅｎ	
2:20:23	R	ｚｅｎ	
1:04:19	N	123	
1:42:35	Y	カタカナ	
1:51:30	P	かな✒	
0:56:45	E	ひらがな	
1:52:26	H	123	
1:23:28	O	ｚｅｎ	
1:09:22	Z	abc	
0:45:30	I	✒	
0:20:32	P	//	
1:37:36	E	✒	
2:19:10	T	123	
1:45:18	J	ひらがな	
1:12:30	I	ひらがな	
1:21:04	L	123	
0:06:11	S	\'_'	
1:24:39	N	123	
1:06:44	V	かな✒	
2:23:13	G	abc	100
2:10:55	Z	ｚｅｎ	
2:09:49	V	カタカナ	
1:20:48	R	ひらがな	
2:16:49	U	//	
1:10:28	E	ｚｅｎ	
1:52:12	N	//	100
1:40:26	R	かな✒	
0:08:13	V	//	
1:09:01	T	カタカナ	100
0:04:48	K	かな✒	
0:57:30	A	//	
1:54:44	K	カタカナ	
0:24:50	L	ひらがな	
1:31:13	E	カタカナ	100
0:13:55	J	カタカナ	
1:58:56	Z	\'_'	
1:30:10	N	\'_'	
1:50:00	F	かな✒	
1:34:36	N	ひらがな	
0:10:23	Y	ひらがな	
2:11:40	X	漢字	
1:11:50	C	✒	
1:37:48	Z	ｚｅｎ	
1:01:51	B	カタカナ	
0:20:08	I	abc	1000
0:07:40	C	abc	
1:30:40	G	かな✒	
1:00:58	L	かな✒	
1:31:28	A	かな✒	100
1:45:31	Y	カタカナ	
0:28:29	T	abc	
1:12:56	M	カタカナ	
0:39:33	R	✒	
0:16:31	M	\'_'	100
0:51:36	Y	✒	
1:09:35	L	漢字	
2:17:52	R	ひらがな	
1:31:49	U	abc	
1:58:09	G	abc	
2:12:38	T	abc	
2:12:46	U	ｚｅｎ	
2:20:50	B	かな✒	
1:50:38	X	漢字	
1:57:59	U	abc	5000
1:50:13	O	123	
1:45:24	S	ひらがな	
0:12:39	L	//	
2:00:54	S	ｚｅｎ	
0:56:12	B	abc	
0:44:26	U	\'_'	
2:23:39	O	ひらがな	
0:38:31	D	123	
2:03:00	F	✒	
1:29:14	K	//	
0:57:33	N	123	
2:13:47	Q	ｚｅｎ	
0:56:06	U	漢字	
0:08:26	P	123	
0:54:16	M	✒	20000
1:36:56	W	✒	
1:06:32	B	//	500
2:08:17	F	ひらがな	500
2:16:51	C	✒	
0:07:23	P	カタカナ	100
0:53:09	C	//	1000
1:34:23	G	かな✒	
1:34:21	C	かな✒	
1:33:26	P	123	
0:31:21	Z	✒	
2:04:24	W	//	
0:39:54	J	abc	100
0:11:16	M	ひらがな	
0:32:24	K	かな✒	
2:12:32	F	//	
0:15:32	X	カタカナ	
1:26:49	O	かな✒	
0:27:06	K	123	500
1:01:29	U	かな✒	
1:33:49	V	ｚｅｎ	500
1:45:19	J	漢字	
0:36:35	S	//	
1:22:36	G	ｚｅｎ	1000
0:29:42	A	ひらがな	
1:01:34	T	✒	500
2:22:27	Q	ｚｅｎ	
1:50:42	V	✒	500
0:12:19	C	abc	
1:53:00	D	\'_'	100
1:53:13	J	カタカナ	
1:44:47	X	//	
1:39:41	N	ひらがな	
0:53:33	V	カタカナ	
1:31:59	M	かな✒	
0:00:58	E	漢字	
2:00:49	P	\'_'	
1:12:37	N	ひらがな	
2:05:23	X	ｚｅｎ	
1:26:03	L	ひらがな	
1:18:25	R	漢字	
1:47:25	B	ｚｅｎ	
1:15:10	U	abc	
0:55:17	K	\'_'	
0:34:46	N	ひらがな	1000
0:53:48	S	123	
1:43:27	T	✒	
2:00:01	Y	ｚｅｎ	
1:35:34	C	カタカナ	
2:08:33	G	\'_'	
0:14:59	A	カタカナ	
1:36:04	V	かな✒	
2:01:32	D	漢字	500
0:13:44	T	✒	
1:38:49	L	カタカナ	
2:03:56	A	かな✒	
0:12:13	H	カタカナ	
1:46:21	Q	123	
0:29:23	G	ｚｅｎ	
0:12:41	W	カタカナ	
0:00:52	U	漢字	
1:23:39	S	\'_'	
1:42:55	T	ｚｅｎ	5000
0:44:41	C	✒	
0:14:47	Q	かな✒	100
0:42:02	H	漢字	
0:34:23	J	123	
1:51:36	S	カタカナ	
1:59:36	B	//	
2:01:38	E	123	
1:49:32	N	\'_'	
1:22:45	H	漢字	
1:17:34	G	ｚｅｎ	1000
1:02:02	C	漢字	50000
1:57:50	M	\'_'	
0:57:39	C	漢字	
1:02:02	D	カタカナ	
2:18:27	Q	123	
1:30:59	W	✒	
1:05:12	J	//	200
1:54:10	S	漢字	
2:19:38	U	\'_'	
1:51:06	J	ひらがな	
0:13:29	B	✒	100
2:16:12	U	\'_'	
1:40:41	G	カタカナ	
0:04:41	R	//	
0:30:07	A	//	
1:52:31	E	123	
1:15:57	P	ひらがな	
1:49:02	B	カタカナ	2000
2:18:52	G	ひらがな	100
0:30:26	K	//	
1:16:57	A	漢字	
1:05:59	E	ｚｅｎ	
1:21:11	X	カタカナ	
2:10:27	V	abc	
2:08:21	P	漢字	
0:28:23	E	カタカナ	
1:36:00	R	かな✒	
1:40:38	K	//	
2:21:14	Z	✒	100
1:17:00	J	漢字	
0:58:44	J	漢字	
2:09:04	I	ｚｅｎ	
0:46:08	D	カタカナ	
2:00:36	G	abc	
2:21:57	P	かな✒	
1:26:59	I	かな✒	
1:35:09	S	\'_'	
1:07:17	P	カタカナ	
1:27:56	N	漢字	
1:02:19	H	ひらがな	
0:31:27	A	ｚｅｎ	
0:36:14	C	漢字	
1:00:44	P	ｚｅｎ	
0:54:45	L	✒	
0:54:20	K	かな✒	
1:01:01	A	✒	
0:49:17	D	abc	
0:04:07	U	✒	
2:18:33	R	ｚｅｎ	
0:58:30	X	123	
2:11:44	A	カタカナ	
1:16:25	Y	123	
2:04:45	Q	カタカナ	
0:21:45	U	//	
0:53:13	V	\'_'	
2:18:59	T	ｚｅｎ	
1:49:15	S	\'_'	
1:34:42	M	ひらがな	
0:55:43	O	123	
0:07:46	Z	ｚｅｎ	
0:07:43	I	✒	1000
1:34:55	W	ひらがな	
1:51:13	A	123	
0:00:06	O	かな✒	
1:43:19	K	漢字	
0:54:33	C	かな✒	
0:56:52	Q	かな✒	
0:57:27	O	//	
1:35:32	S	ひらがな	
1:55:11	L	カタカナ	
1:59:16	K	123	
2:19:45	O	\'_'	
0:33:09	X	123	
0:40:57	O	✒	200
1:37:29	C	ｚｅｎ	
1:33:07	L	//	
1:51:57	U	//	
0:56:42	F	abc	
1:53:31	U	✒	
2:22:24	O	カタカナ	
2:13:27	W	\'_'	10000
1:32:00	U	カタカナ	
0:41:04	P	✒	
0:14:18	X	✒	10000
0:03:20	U	カタカナ	
1:48:45	Y	✒	
0:31:01	C	漢字	
0:54:00	Z	カタカナ	100
2:23:39	X	カタカナ	
1:17:59	Q	ひらがな	
0:47:51	I	ｚｅｎ	
0:56:32	P	✒	
0:20:40	Y	ひらがな	
1:20:23	H	//	
0:01:13	D	カタカナ	
0:53:00	T	かな✒	
1:19:00	Z	123	
2:21:45	I	//	
1:10:25	D	//	
0:00:52	B	\'_'	
1:34:29	B	ひらがな	500
1:29:48	O	//	
1:25:11	A	✒	
2:14:56	M	ｚｅｎ	
0:16:35	I	カタカナ	100
1:25:15	R	abc	2000
1:20:36	Y	カタカナ	
1:52:59	T	\'_'	
2:11:21	E	ｚｅｎ	
0:25:35	J	かな✒	
2:08:13	L	漢字	
1:42:43	H	カタカナ	
0:18:58	W	//	
0:36:00	X	✒	
1:01:25	W	✒	
0:41:55	Z	漢字	
1:41:33	I	漢字	
1:41:03	K	ひらがな	
2:18:01	W	漢字	
1:46:43	W	漢字	2000
1:00:56	L	ｚｅｎ	
2:16:12	V	abc	
0:45:19	X	ひらがな	
1:49:06	T	123	
1:58:00	I	//	
0:24:33	N	//	
1:18:05	Q	abc	
1:30:27	D	ひらがな	
1:38:26	K	123	
2:11:20	M	かな✒	
1:11:38	E	\'_'	
1:33:10	Y	abc	
0:02:04	H	123	
2:07:07	Q	✒	
0:55:11	Y	123	
0:44:27	R	//	
1:09:13	U	✒	
2:13:43	X	abc	200
1:04:16	W	123	1000
0:52:13	K	abc	
0:06:14	U	カタカナ	
1:25:22	X	\'_'	
0:31:52	F	✒	
1:41:34	X	//	
1:17:11	X	かな✒	
0:30:44	C	123	5000
0:13:09	J	✒	
0:23:51	S	\'_'	
0:12:50	W	ｚｅｎ	
1:46:06	X	123	
0:52:11	Y	abc	
1:46:19	Z	123	
1:08:48	Q	✒	
0:14:50	Z	ひらがな	
1:43:07	A	ｚｅｎ	
2:10:41	Y	//	
1:39:10	T	123	
2:09:43	E	ひらがな	
1:38:06	V	かな✒	
0:11:55	D	カタカナ	
0:31:04	T	ひらがな	
0:27:17	Z	ｚｅｎ	2000
2:20:09	D	漢字	
1:18:09	P	abc	
0:02:19	X	abc	
0:26:15	R	✒	
1:03:53	F	ひらがな	
0:46:43	K	ひらがな	100
0:51:52	P	ｚｅｎ	
1:24:16	P	//	
2:08:01	A	かな✒	
0:35:48	P	ｚｅｎ	500
1:09:08	P	ひらがな	100
1:49:15	K	\'_'	
0:30:45	R	かな✒	
2:06:59	D	\'_'	
2:15:04	C	\'_'	
1:16:43	V	✒	1000
0:56:19	I	123	
0:34:06	P	//	
1:56:03	Z	漢字	
0:58:52	I	漢字	
2:22:44	S	123	
0:57:40	C	かな✒	
1:11:44	U	123	
1:22:19	E	\'_'	
2:12:56	F	abc	
1:28:53	G	abc	20000
0:10:57	U	ｚｅｎ	1000
1:00:28	J	\'_'	
0:01:11	L	\'_'	
0:45:22	E	✒	
1:16:00	F	✒	
0:32:05	Z	//	
0:16:07	N	かな✒	
1:26:31	X	✒	
2:11:35	A	ｚｅｎ	
1:22:26	V	かな✒	
2:12:26	G	漢字	
1:17:14	J	✒	
1:39:54	F	ｚｅｎ	100
0:50:15	A	//	
1:28:29	P	123	
1:25:58	S	カタカナ	200
1:56:13	K	ひらがな	1000
0:49:13	Z	かな✒	
1:58:16	V	✒	
0:06:18	O	漢字	
2:03:19	A	✒	
1:54:52	A	//	
0:06:38	F	//	
1:04:22	Z	\'_'	
0:13:31	G	カタカナ	
2:18:10	B	カタカナ	
0:59:15	S	\'_'	
1:53:36	N	かな✒	
1:21:04	A	123	
2:06:37	O	かな✒	200
0:13:19	L	123	
0:53:57	C	かな✒	
1:09:23	X	123	
0:01:21	W	カタカナ	
2:18:14	M	ひらがな	
2:12:23	O	//	
1:40:49	F	カタカナ	100
0:33:45	N	✒	
0:28:47	N	abc	
1:49:56	N	✒	
2:13:43	N	ひらがな	
0:48:36	N	漢字	100
1:40:44	Q	ひらがな	
0:11:28	A	abc	200
0:37:49	U	//	
1:09:42	G	abc	200
2:00:01	M	abc	500
1:59:25	W	かな✒	
0:37:00	L	\'_'	1000
1:21:15	O	✒	
0:12:38	H	カタカナ	
0:00:24	C	カタカナ	
1:52:42	G	//	
0:23:13	A	✒	500
0:54:26	P	かな✒	
0:53:13	A	カタカナ	
0:24:15	X	漢字	
0:28:35	G	漢字	
0:13:53	X	カタカナ	2000
1:27:53	G	ひらがな	
0:44:34	J	123	
2:02:15	T	//	
0:06:13	P	かな✒	
0:05:38	F	\'_'	
2:12:29	W	✒	
2:02:23	Z	abc	
0:31:57	V	ひらがな	
0:50:58	E	漢字	
0:59:54	D	ひらがな	
1:13:11	P	ひらがな	500
2:12:41	D	✒	
1:48:36	N	✒	
0:59:04	T	漢字	
0:49:04	R	abc	
0:14:37	H	かな✒	10000
0:38:42	H	123	
1:20:22	L	ひらがな	
0:45:19	J	//	100
1:33:00	Q	漢字	
0:56:33	V	123	500
0:13:37	B	カタカナ	
1:29:55	E	漢字	
1:25:48	P	ひらがな	
2:07:03	E	かな✒	
0:16:15	I	かな✒	
1:06:46	A	ｚｅｎ	
0:04:29	J	カタカナ	
1:55:56	Z	ｚｅｎ	
1:43:53	Y	漢字	
0:22:36	W	\'_'	
1:09:39	Q	カタカナ	
0:14:00	E	\'_'	200
0:05:41	S	✒	
1:13:28	G	123	
1:21:35	D	abc	
1:59:20	B	//	
0:52:02	C	✒	100
2:04:33	Z	abc	
2:18:44	E	漢字	
1:10:29	B	漢字	
1:54:42	G	ひらがな	
1:24:10	T	カタカナ	
1:27:56	E	かな✒	
0:15:23	B	ｚｅｎ	
1:44:08	T	ひらがな	
0:27:37	J	カタカナ	
1:33:29	Z	ｚｅｎ	
0:57:15	S	ｚｅｎ	100
1:07:47	I	ｚｅｎ	
0:40:00	X	abc	200
2:17:29	V	カタカナ	
0:46:28	G	//	
2:08:14	Y	abc	
0:56:55	Y	abc	
0:50:59	F	✒	
1:41:36	P	//	
1:12:18	P	ひらがな	
0:42:09	C	✒	
1:18:41	A	カタカナ	
1:44:54	D	漢字	200
0:49:11	R	漢字	200
0:59:08	Y	123	
1:44:01	D	漢字	
0:11:18	P	漢字	200
1:23:44	C	✒	
2:07:49	H	かな✒	
1:14:23	N	カタカナ	
0:27:23	D	ひらがな	
0:19:12	H	123	20000
2:07:13	V	✒	
0:16:00	T	かな✒	
0:17:48	P	かな✒	
0:13:54	Q	ｚｅｎ	2000
1:23:20	D	ひらがな	
0:39:26	X	✒	
1:10:20	N	かな✒	
1:57:33	Z	カタカナ	
0:27:29	Z	✒	
1:32:43	A	カタカナ	
1:34:34	F	漢字	
2:23:39	Q	かな✒	
1:31:59	M	//	
2:01:37	Y	カタカナ	1000
0:49:01	I	ひらがな	
1:49:03	Q	ｚｅｎ	
0:29:59	U	\'_'	
1:16:35	W	abc	
0:25:48	K	漢字	
1:00:38	I	123	
2:17:30	X	かな✒	
1:27:16	F	✒	
2:19:59	Y	//	
0:14:06	I	ひらがな	
1:44:19	X	漢字	
0:55:06	V	ｚｅｎ	
1:50:16	K	\'_'	
1:55:34	C	//	5000
1:29:55	R	abc	
0:58:56	P	ｚｅｎ	
0:54:15	X	カタカナ	
1:21:42	X	//	1000
1:18:02	Q	ｚｅｎ	
0:28:16	Y	カタカナ	10000
1:26:24	C	ｚｅｎ	
1:41:57	J	ｚｅｎ	
2:10:25	R	\'_'	
1:16:57	F	//	
1:40:45	J	漢字	
0:11:16	A	カタカナ	
0:46:39	C	ひらがな	
0:53:21	B	かな✒	
2:00:32	D	//	
1:32:24	N	漢字	1000
0:34:55	G	カタカナ	
0:15:00	U	123	
1:57:24	G	ひらがな	100
1:44:08	H	ひらがな	
0:13:22	T	✒	
0:59:46	I	ｚｅｎ	
1:32:52	M	\'_'	2000
1:08:26	O	カタカナ	
0:49:09	M	かな✒	
1:48:42	R	\'_'	
1:00:06	S	123	
2:14:21	M	✒	
2:20:29	N	\'_'	100
2:10:56	W	ｚｅｎ	
0:09:59	Y	カタカナ	
0:32:58	Y	ひらがな	
2:06:54	I	ひらがな	
1:11:45	I	カタカナ	
1:04:24	O	✒	
0:30:23	H	123	
0:56:29	A	ｚｅｎ	
0:55:01	T	abc	
2:08:44	P	かな✒	
0:46:08	A	漢字	
2:11:18	Q	\'_'	
1:56:53	H	//	
2:15:12	E	123	
0:36:20	T	✒	
1:43:32	L	漢字	
1:45:42	X	カタカナ	
2:12:42	G	漢字	
1:45:56	E	かな✒	
0:56:31	H	漢字	
0:08:27	V	✒	
0:35:41	N	abc	
1:57:12	S	漢字	
1:22:54	T	漢字	
1:12:54	B	カタカナ	
0:54:45	X	//	
2:11:49	J	123	100
1:07:39	L	カタカナ	
1:23:52	M	ひらがな	
0:05:42	H	//	
1:45:38	O	123	
1:39:40	P	かな✒	5000
1:12:01	Y	ｚｅｎ	500
1:12:16	U	✒	
0:02:10	H	123	
0:58:03	X	abc	
0:18:17	G	カタカナ	
0:32:10	N	カタカナ	100
0:51:16	W	//	
2:17:43	T	abc	
2:21:11	F	\'_'	5000
1:19:19	R	かな✒	
2:18:35	G	ｚｅｎ	500
0:52:25	C	ひらがな	
1:59:07	A	✒	
2:14:57	G	ｚｅｎ	
0:54:14	F	ひらがな	
1:53:46	H	ひらがな	1000
1:32:59	E	ｚｅｎ	
0:42:33	C	✒	
1:34:34	T	漢字	1000
1:14:57	D	ｚｅｎ	
1:15:09	F	ひらがな	200
1:58:52	M	//	
1:48:15	R	\'_'	
1:19:08	H	かな✒	
2:13:20	O	123	200
0:51:49	F	123	
1:21:21	T	ひらがな	
1:00:41	A	ｚｅｎ	
0:41:30	I	ひらがな	
0:47:14	S	\'_'	1000
0:26:04	Y	カタカナ	100
1:42:25	X	ｚｅｎ	
0:06:17	A	かな✒	
0:15:10	N	カタカナ	
0:28:11	Y	✒	
1:34:26	Q	かな✒	
2:21:35	A	カタカナ	
1:53:34	Q	かな✒	
0:24:55	O	ひらがな	
1:57:13	F	✒	200
2:17:06	K	かな✒	
0:39:08	Y	123	
1:14:54	B	abc	
2:15:24	K	かな✒	
0:38:18	X	ｚｅｎ	
2:07:30	R	123	
0:44:15	H	//	
0:37:24	G	ひらがな	
1:32:42	C	//	
1:56:46	Z	abc	
1:31:47	M	かな✒	
2:08:42	Z	✒	
1:41:01	G	abc	
2:21:20	S	ｚｅｎ	
1:25:00	V	ひらがな	
0:12:37	R	//	
1:56:34	Y	123	
0:13:14	S	abc	
1:45:08	U	123	
0:00:46	O	✒	
1:35:30	R	カタカナ	
0:46:57	U	✒	500
0:08:14	E	漢字	
2:16:53	M	//	
1:54:23	Q	漢字	
1:19:10	F	ｚｅｎ	
1:19:46	G	かな✒	
0:24:43	L	abc	
0:42:29	H	\'_'	
2:18:32	J	//	
0:58:50	L	\'_'	
0:26:26	T	123	
2:05:41	F	\'_'	
0:31:28	J	かな✒	500
2:03:22	T	//	
0:27:40	O	abc	
0:43:48	O	かな✒	2000
0:47:53	Z	✒	
0:46:19	T	カタカナ	
0:42:48	V	\'_'	100
1:20:33	P	漢字	
1:59:07	Y	かな✒	
1:13:33	V	abc	
0:34:02	T	ｚｅｎ	500
0:31:01	G	漢字	
2:19:41	M	ひらがな	
1:25:53	O	ｚｅｎ	
2:06:12	R	abc	
1:57:32	V	ｚｅｎ	
1:31:55	L	ひらがな	
0:03:19	C	//	
2:18:56	I	漢字	
0:16:28	Q	✒	
0:26:50	V	かな✒	
1:10:33	Q	123	
1:29:29	Q	✒	
1:31:48	X	かな✒	
0:53:44	P	ｚｅｎ	
1:12:54	T	漢字	
0:00:20	C	ｚｅｎ	
0:54:36	D	abc	
0:02:06	J	✒	100
1:38:58	U	\'_'	
1:30:47	K	\'_'	
1:08:19	P	ｚｅｎ	
1:48:29	P	✒	
1:33:23	P	漢字	
0:53:15	E	かな✒	
0:42:00	L	✒	
1:27:57	Q	ひらがな	
1:44:11	O	\'_'	
2:13:40	K	かな✒	
0:48:58	N	ｚｅｎ	
2:12:29	B	かな✒	2000
0:32:28	F	かな✒	100
0:54:10	O	ｚｅｎ	
0:10:04	K	✒	100
1:49:19	G	//	
0:45:42	M	abc	
1:39:36	J	カタカナ	
2:21:12	H	abc	
0:13:18	Q	//	
2:23:59	A	ｚｅｎ	
1:26:12	N	123	
1:45:52	Y	漢字	100
1:41:50	X	漢字	
0:20:02	X	漢字	
0:05:31	N	123	
0:46:51	F	ｚｅｎ	
1:19:42	N	\'_'	
1:29:37	A	✒	
0:41:21	B	ｚｅｎ	
1:37:07	U	//	
2:09:57	X	abc	
1:08:12	S	かな✒	
0:22:29	K	✒	5000
0:12:28	L	カタカナ	
1:58:09	P	かな✒	
1:54:31	Y	ｚｅｎ	
0:39:01	Y	abc	
2:00:24	F	漢字	500
1:51:59	X	漢字	
1:48:40	L	abc	
0:31:54	M	\'_'	200
0:18:03	K	✒	
1:12:46	S	✒	
0:35:41	D	ひらがな	
0:24:11	N	ひらがな	
1:29:29	R	123	
2:07:14	G	ｚｅｎ	
0:24:05	V	//	
2:11:33	W	かな✒	
1:57:51	M	かな✒	
1:53:34	A	//	
1:51:26	A	ｚｅｎ	
0:11:34	C	ｚｅｎ	
1:13:28	S	漢字	
1:09:31	D	かな✒	
1:29:09	U	abc	
1:44:00	P	カタカナ	
2:11:20	K	\'_'	
2:04:05	I	123	100
1:15:07	D	//	2000
0:58:12	T	//	
0:03:26	X	ｚｅｎ	
1:02:40	L	abc	
2:06:50	T	ｚｅｎ	
1:03:11	U	漢字	
2:23:55	V	abc	
1:47:03	B	//	5000
0:17:49	C	//	
0:10:44	E	123	
2:15:20	S	123	
0:06:54	U	カタカナ	
0:01:39	F	\'_'	
1:52:54	U	✒	100
2:16:39	C	abc	
1:21:29	W	\'_'	
1:07:19	V	✒	
0:43:58	Q	漢字	10000
0:04:04	R	✒	
1:37:44	G	カタカナ	
1:52:47	D	ひらがな	
0:16:03	U	かな✒	
0:21:33	V	abc	
0:57:04	G	ひらがな	
1:58:22	Q	ひらがな	
0:32:08	M	ｚｅｎ	200
0:14:25	H	123	
1:42:04	W	ひらがな	
0:41:38	Z	ｚｅｎ	
1:50:27	M	//	
0:37:42	B	漢字	
0:27:29	Z	かな✒	
0:58:31	F	\'_'	
0:58:28	T	漢字	
0:16:34	F	//	
0:12:46	T	カタカナ	
1:46:18	Y	カタカナ	2000
2:15:49	B	\'_'	
0:18:27	R	\'_'	
1:13:04	T	かな✒	
0:35:41	D	漢字	
0:37:58	X	カタカナ	
1:30:02	H	漢字	
0:04:35	T	カタカナ	100
0:42:32	B	カタカナ	500
1:45:17	M	//	
0:52:56	C	ｚｅｎ	
1:56:19	M	カタカナ	
2:21:40	J	\'_'	
0:38:17	I	ｚｅｎ	
1:55:04	L	漢字	
1:35:13	R	✒	
0:09:12	T	ｚｅｎ	
0:51:20	A	abc	
0:55:46	S	//	
2:20:37	F	カタカナ	
1:12:14	Z	abc	
2:20:52	J	カタカナ	
2:11:56	I	漢字	
0:45:23	O	ひらがな	
2:12:01	L	//	
0:58:03	F	カタカナ	
2:04:27	E	abc	
0:24:11	O	✒	
0:00:11	A	abc	500
1:57:49	E	✒	
1:17:13	T	//	
0:03:27	B	カタカナ	
2:15:09	R	✒	
0:32:17	V	abc	100
0:41:07	N	漢字	
1:03:49	E	漢字	
1:59:13	R	abc	
0:45:55	X	✒	
0:44:44	U	//	
1:20:04	Y	ひらがな	
0:33:45	H	//	
0:17:42	J	abc	500
1:31:09	F	カタカナ	
1:39:45	M	123	
0:28:01	B	✒	
1:14:22	E	abc	
1:14:16	V	ひらがな	
1:31:10	P	✒	
2:18:16	D	ｚｅｎ	
2:20:11	T	abc	
1:40:00	T	123	
0:32:54	T	カタカナ	
0:00:37	I	ひらがな	
1:42:59	P	//	
0:07:25	T	✒	
2:04:42	J	//	
0:40:47	D	\'_'	
0:23:49	W	ひらがな	
0:19:07	M	abc	
1:52:38	T	ｚｅｎ	100
1:53:43	D	ｚｅｎ	
2:10:59	S	\'_'	
1:16:53	H	✒	
0:51:01	A	ひらがな	
2:18:13	G	漢字	2000
0:01:42	G	✒	
2:10:33	S	ひらがな	
2:02:26	S	カタカナ	
1:59:02	Q	ｚｅｎ	
2:15:12	C	abc	
0:31:24	K	漢字	
0:33:19	E	123	
0:29:58	B	ひらがな	2000
0:31:25	Z	123	
2:10:04	I	//	
2:07:41	H	漢字	200
0:30:39	L	カタカナ	
1:44:29	D	✒	200
1:01:42	K	\'_'	
1:23:41	E	カタカナ	
2:19:17	B	123	
0:48:04	M	123	500
0:01:38	N	ひらがな	
0:34:27	Z	\'_'	200
2:07:05	M	abc	
1:09:53	C	abc	
1:34:42	P	ｚｅｎ	
1:46:29	G	カタカナ	
1:40:27	L	漢字	
1:23:48	G	123	500
1:33:49	J	漢字	
1:35:18	E	漢字	
1:48:52	A	カタカナ	1000
0:07:25	Z	ひらがな	
2:14:26	R	123	
1:39:11	B	✒	
1:00:25	D	ひらがな	50000
1:02:18	C	123	
2:00:23	V	カタカナ	
1:09:57	B	漢字	5000
2:23:17	E	abc	
1:14:53	S	カタカナ	
2:16:28	T	漢字	
1:25:05	M	かな✒	
1:42:27	V	\'_'	
1:35:28	H	カタカナ	
1:20:21	O	✒	
0:27:54	M	かな✒	
0:58:53	T	ｚｅｎ	
0:38:16	G	ｚｅｎ	
0:32:26	Z	\'_'	200
0:36:28	N	\'_'	500
1:49:32	J	\'_'	
0:49:59	Q	漢字	
0:18:12	U	//	
1:35:48	N	かな✒	
0:55:46	L	ｚｅｎ	
1:39:00	S	//	
0:34:30	Q	123	
2:23:06	L	123	
0:47:23	Y	abc	
2:09:47	P	漢字	
2:04:11	O	カタカナ	
2:02:24	X	ひらがな	200
1:16:34	B	カタカナ	
1:13:59	X	ひらがな	500
0:24:49	G	✒	
0:41:41	S	\'_'	
0:15:02	H	✒	100
0:21:34	R	\'_'	
1:35:38	K	カタカナ	
0:14:22	T	abc	
2:04:00	M	//	
0:03:30	V	\'_'	
1:12:24	N	漢字	
1:23:37	L	abc	
0:20:57	O	漢字	
0:51:12	Z	abc	
2:10:24	H	カタカナ	
0:09:00	J	ひらがな	10000
0:42:06	Z	\'_'	
0:50:31	C	カタカナ	
1:54:27	A	ｚｅｎ	
0:35:50	F	ｚｅｎ	
0:33:24	C	abc	500
1:36:56	X	✒	2000
2:15:50	O	123	
1:58:56	V	ひらがな	
1:46:17	H	✒	
1:15:14	F	abc	
0:34:30	C	123	
2:00:02	U	//	
0:52:46	Q	abc	
0:14:15	H	ｚｅｎ	200
1:39:21	M	かな✒	
0:55:43	T	漢字	
0:37:48	M	abc	100
0:27:09	I	//	
1:32:45	K	abc	200
1:15:21	W	\'_'	100
0:21:46	S	abc	
1:02:03	V	\'_'	
1:35:58	M	漢字	
0:39:23	S	かな✒	
0:19:25	T	ひらがな	200
0:22:15	T	漢字	
0:11:35	J	かな✒	
1:15:18	O	かな✒	
0:25:39	F	ひらがな	
1:56:12	F	漢字	
0:47:19	K	ｚｅｎ	200
1:18:50	P	abc	
2:17:26	K	かな✒	
2:10:33	D	\'_'	
1:11:21	Y	\'_'	
1:38:16	B	123	2000
1:35:35	T	ひらがな	
2:07:10	V	123	2000
0:33:53	I	//	
1:42:46	Y	\'_'	
1:21:06	Y	ｚｅｎ	
1:56:22	U	漢字	
1:32:22	T	123	
0:48:52	Y	ｚｅｎ	
1:15:19	F	ひらがな	
1:59:01	J	\'_'	
0:52:17	B	ひらがな	
1:38:42	S	ｚｅｎ	
2:22:27	A	\'_'	
0:30:13	R	\'_'	
0:43:54	T	漢字	
0:16:20	F	ひらがな	100
2:14:08	D	//	
0:21:35	O	カタカナ	
0:21:20	Y	漢字	
0:43:12	C	123	
0:59:00	U	123	5000
1:25:40	A	かな✒	
1:40:26	T	カタカナ	
0:06:12	E	カタカナ	
0:47:38	H	ひらがな	
0:25:37	J	カタカナ	100
0:20:19	E	漢字	
2:17:41	U	ひらがな	100
1:45:36	K	✒	
1:52:11	Y	ひらがな	
1:41:10	U	漢字	
0:34:02	E	漢字	
0:58:19	O	//	
0:40:12	U	123	
1:50:29	N	漢字	
1:57:47	C	漢字	
1:11:42	D	abc	
1:42:49	V	ｚｅｎ	100
2:22:10	Z	123	
0:20:32	N	ｚｅｎ	2000
0:47:06	G	かな✒	2000
1:33:23	I	カタカナ	100
0:51:32	P	ひらがな	
0:27:02	S	かな✒	
1:51:32	A	//	
1:03:49	C	abc	
0:34:14	O	かな✒	
0:31:19	Y	ひらがな	5000
0:58:55	Q	漢字	
0:49:29	T	\'_'	
0:36:05	Y	かな✒	
1:04:06	P	カタカナ	
1:44:59	F	カタカナ	
1:34:44	U	ひらがな	
1:34:31	F	漢字	
1:31:12	T	かな✒	
0:56:19	Q	ｚｅｎ	
0:11:01	Y	✒	
2:00:41	Z	✒	
1:55:23	W	かな✒	100
1:24:32	P	\'_'	
2:15:03	B	✒	
1:56:19	T	123	
2:14:36	D	ひらがな	
0:54:17	R	\'_'	
0:11:24	A	カタカナ	100
0:15:28	Z	カタカナ	
1:29:45	V	カタカナ	
1:59:15	W	ｚｅｎ	
1:11:04	E	abc	
0:55:57	I	カタカナ	
0:58:03	C	abc	
2:09:54	D	\'_'	
0:21:45	H	ｚｅｎ	
0:39:25	P	\'_'	200
0:30:31	Q	//	
2:16:02	X	漢字	
1:06:07	G	かな✒	
0:40:43	Y	かな✒	
1:50:28	D	ｚｅｎ	
1:51:20	Y	カタカナ	
0:53:13	P	ひらがな	100
0:43:24	O	\'_'	
2:16:17	N	カタカナ	
2:19:38	K	//	
0:21:08	O	//	
1:28:41	D	//	
1:02:03	Z	カタカナ	
1:39:20	R	abc	
0:59:40	K	\'_'	
1:15:33	V	ひらがな	
1:02:14	T	\'_'	
1:29:32	P	✒	
2:01:47	A	カタカナ	200
0:50:38	Y	//	
0:46:35	O	ひらがな	
2:21:27	S	✒	
1:08:28	R	カタカナ	
0:47:16	F	ｚｅｎ	
0:16:58	N	ひらがな	
2:20:10	J	かな✒	10000
2:14:58	W	漢字	
1:39:56	Z	ｚｅｎ	100
1:02:31	X	//	
0:59:49	A	\'_'	200
1:35:50	N	かな✒	
0:17:51	N	//	100
1:59:11	K	ひらがな	
1:32:11	F	漢字	
2:20:12	V	123	
0:31:58	P	カタカナ	
1:19:25	I	カタカナ	
2:20:47	L	ｚｅｎ	
1:03:50	H	//	
1:09:16	C	カタカナ	500
1:15:12	U	abc	200
1:30:11	E	ひらがな	1000
1:33:30	P	//	
0:06:48	U	abc	
1:03:51	T	ひらがな	
2:23:46	P	//	
0:17:40	P	かな✒	
1:14:49	N	✒	
2:08:41	K	カタカナ	100
0:37:57	Z	✒	
1:47:52	S	ひらがな	
0:36:31	Z	//	
1:33:59	W	漢字	
1:47:49	R	✒	500
1:54:28	B	ｚｅｎ	
1:15:22	V	abc	
1:31:18	H	abc	
1:39:14	M	ｚｅｎ	100
1:21:51	W	ひらがな	
1:06:37	T	✒	
0:17:17	D	✒	
0:30:10	V	abc	
1:30:31	Y	ｚｅｎ	2000
0:47:07	Q	漢字	
0:56:41	F	ｚｅｎ	
2:07:44	A	✒	
1:49:59	V	ひらがな	
1:58:02	V	✒	
1:42:36	P	ひらがな	
0:26:54	M	かな✒	1000
1:15:00	O	ｚｅｎ	
0:39:48	O	かな✒	
1:50:17	P	漢字	
1:42:07	R	//	2000
0:04:27	V	カタカナ	
1:10:16	R	カタカナ	
0:59:59	T	123	
1:58:31	J	ひらがな	
0:44:42	Y	かな✒	
1:59:02	C	\'_'	
1:18:52	M	ひらがな	
2:08:23	N	//	
1:07:32	I	カタカナ	
0:02:05	G	漢字	
1:21:58	H	かな✒	
1:36:29	Z	漢字	
0:47:21	U	\'_'	200
1:32:33	C	漢字	
0:35:31	T	//	
2:12:28	C	漢字	
1:58:04	F	ひらがな	
1:58:40	O	ひらがな	
1:37:09	G	ｚｅｎ	
1:35:38	W	//	
0:57:50	S	ひらがな	
0:19:02	C	ｚｅｎ	
1:15:23	J	ひらがな	
1:03:50	Y	ｚｅｎ	
2:17:13	K	123	
1:16:48	X	abc	
0:13:03	F	ｚｅｎ	
0:41:35	N	abc	
1:51:22	D	//	
2:02:21	A	ひらがな	
0:11:13	A	漢字	
1:18:49	E	かな✒	100
0:51:00	F	abc	
0:24:29	G	かな✒	
2:13:36	R	abc	
0:43:15	Z	//	
0:07:37	R	漢字	500
1:08:40	B	123	
1:33:50	Q	123	1000
0:06:55	X	かな✒	
0:20:28	G	カタカナ	
0:46:39	F	123	
0:37:51	P	ｚｅｎ	
1:09:40	L	//	200
1:19:22	M	abc	
1:15:55	A	abc	
2:04:39	G	✒	
1:26:01	F	123	
1:40:56	X	ｚｅｎ	
1:44:18	M	漢字	
0:59:15	I	123	
1:01:48	R	✒	
1:10:46	C	123	
0:37:11	A	かな✒	
1:47:07	Q	//	
0:02:26	K	✒	
0:49:36	S	カタカナ	
2:00:22	Y	漢字	
0:54:48	V	✒	
1:28:12	H	//	
1:49:31	K	123	10000
1:06:35	K	ｚｅｎ	
0:08:00	Z	漢字	
2:17:51	D	//	
0:00:45	E	abc	
2:01:57	B	ｚｅｎ	
0:55:47	G	ひらがな	
0:34:24	C	abc	
0:25:44	I	//	
1:40:58	D	\'_'	1000
2:01:31	H	ｚｅｎ	
0:58:11	A	ひらがな	100
0:36:57	T	ひらがな	
0:12:44	M	//	
1:07:06	Q	\'_'	
1:43:34	W	✒	
1:42:21	A	//	
0:00:15	T	ひらがな	
0:04:36	H	abc	
1:42:35	Z	123	
1:46:16	A	カタカナ	100
1:50:46	Z	かな✒	
1:56:56	A	ｚｅｎ	
1:49:54	I	漢字	
1:48:29	Z	//	
0:50:05	E	//	
0:00:33	F	ｚｅｎ	
1:57:29	D	かな✒	
1:31:46	E	abc	
0:40:56	K	カタカナ	
1:46:04	K	123	
0:16:02	X	//	
1:53:53	P	\'_'	
2:06:02	E	\'_'	
1:44:43	C	漢字	
1:27:42	X	かな✒	
0:31:13	W	ひらがな	
0:13:50	R	abc	
1:09:13	G	123	
1:06:09	A	漢字	
1:17:07	P	abc	100
1:33:26	A	ｚｅｎ	
0:40:09	F	//	
0:29:00	F	ｚｅｎ	2000
2:07:05	H	ｚｅｎ	
2:20:56	V	\'_'	
1:27:19	E	かな✒	200
1:56:53	Y	\'_'	100
1:31:43	J	//	
0:34:01	Y	//	100
0:35:31	R	//	
0:31:58	V	ｚｅｎ	
2:07:30	I	カタカナ	
0:07:31	W	かな✒	100
1:28:01	D	ひらがな	
1:44:24	E	ひらがな	
1:45:07	B	ｚｅｎ	
0:32:28	N	//	
0:45:54	D	abc	
1:20:30	A	\'_'	
2:23:37	M	カタカナ	
1:22:53	T	123	
0:15:42	T	漢字	
1:09:39	O	//	
1:51:24	S	\'_'	
0:44:47	W	漢字	
1:49:09	N	ｚｅｎ	
2:18:52	L	\'_'	
0:03:33	T	漢字	
1:54:08	Z	\'_'	
1:37:52	I	123	
0:26:06	U	かな✒	
1:08:03	R	\'_'	
2:23:41	B	カタカナ	
1:58:40	T	かな✒	
0:13:29	V	123	
0:49:45	Q	カタカナ	
1:20:39	K	ｚｅｎ	
0:35:03	W	漢字	
1:05:53	B	漢字	100
1:42:04	L	ひらがな	
1:57:34	P	ｚｅｎ	
0:53:49	F	漢字	
1:15:48	Y	漢字	
1:26:07	P	かな✒	
2:22:45	M	かな✒	
2:16:48	B	ひらがな	500
2:09:23	N	//	
2:01:57	O	ひらがな	
1:09:21	T	ひらがな	
0:33:12	Z	\'_'	
1:03:20	K	かな✒	
0:10:22	E	abc	
2:18:44	X	//	
1:00:38	J	abc	
0:28:10	C	\'_'	
2:00:18	R	カタカナ	200
0:58:18	S	\'_'	
1:53:01	S	✒	
2:20:44	I	123	
0:26:07	W	abc	
1:54:32	F	//	
0:16:55	V	\'_'	
1:58:51	P	abc	
0:36:49	H	カタカナ	200
1:40:01	I	\'_'	
0:17:04	N	123	
0:17:20	H	かな✒	
0:49:02	T	カタカナ	
2:05:32	U	かな✒	
2:14:17	H	123	
0:21:35	R	漢字	
2:19:58	C	かな✒	
1:39:04	K	カタカナ	
0:27:25	Q	ひらがな	
1:53:15	K	123	
1:19:14	Q	漢字	
1:28:56	J	//	
1:42:47	Z	ｚｅｎ	
0:47:25	X	カタカナ	
1:19:21	C	\'_'	200
0:53:59	H	ｚｅｎ	200
0:43:05	R	ひらがな	
0:28:41	K	カタカナ	
1:18:19	C	123	
0:29:34	N	\'_'	
1:12:47	I	abc	100
0:28:48	K	かな✒	
1:18:38	B	abc	
1:37:04	V	\'_'	
1:26:06	A	//	
1:49:07	Z	abc	
2:06:19	B	123	
1:20:38	S	カタカナ	
1:05:32	O	abc	
2:18:00	T	✒	
2:20:16	F	漢字	
0:43:45	N	ｚｅｎ	
0:35:13	C	\'_'	5000
1:06:10	F	✒	2000
0:15:50	E	\'_'	
0:02:47	C	漢字	
0:26:21	L	\'_'	
0:50:17	B	123	
2:19:34	M	カタカナ	
1:06:08	I	✒	
1:00:23	Z	//	
2:22:49	M	//	
0:57:25	Y	\'_'	
0:57:59	H	カタカナ	
1:25:55	T	✒	
1:03:42	M	かな✒	
0:42:20	E	かな✒	500
1:22:30	L	//	
2:12:22	Y	漢字	
1:48:29	K	ひらがな	
2:01:29	J	漢字	
0:37:18	K	✒	500
1:24:10	P	abc	
1:01:44	U	✒	
0:52:38	W	ひらがな	
1:22:35	J	abc	
1:32:39	M	カタカナ	
0:26:46	V	✒	
0:21:17	I	漢字	500
2:21:20	L	✒	
2:01:24	I	abc	
0:25:19	M	123	
2:11:10	O	ｚｅｎ	500
0:48:31	U	かな✒	
0:20:46	F	123	
1:35:32	D	漢字	
0:15:17	F	漢字	
0:55:05	E	ひらがな	
0:20:30	W	//	
1:49:42	U	123	
2:19:00	Z	abc	
0:20:09	Z	ｚｅｎ	
0:00:26	Z	✒	
1:55:27	D	123	
1:27:14	J	✒	
0:04:49	F	漢字	
1:07:14	L	123	
2:23:54	W	123	
1:28:04	C	\'_'	
1:22:22	G	//	
1:07:15	P	123	
1:21:22	C	カタカナ	
1:45:58	Q	\'_'	
0:50:26	O	//	
0:39:10	P	漢字	
1:11:29	Z	ｚｅｎ	200
0:35:11	I	かな✒	
0:10:21	F	かな✒	
0:02:23	U	ひらがな	
0:34:30	N	カタカナ	
2:16:59	G	カタカナ	
0:07:22	E	かな✒	
2:21:16	G	123	
0:27:50	R	カタカナ	500
1:09:52	Z	✒	
0:43:54	D	漢字	
1:06:56	N	かな✒	
1:30:59	H	✒	
1:34:11	C	カタカナ	5000
0:42:53	J	ひらがな	500
0:31:28	A	\'_'	
1:16:09	S	abc	
0:58:44	I	\'_'	
1:15:53	T	かな✒	
2:22:04	T	\'_'	1000
0:44:07	N	✒	
1:39:56	N	\'_'	
0:38:50	A	カタカナ	
1:08:37	R	//	
0:56:54	G	ｚｅｎ	
1:56:39	W	ｚｅｎ	
0:36:41	M	ひらがな	
1:47:56	Y	//	200
2:06:55	Z	✒	
0:16:05	W	ｚｅｎ	
1:11:32	N	かな✒	
2:04:45	L	かな✒	
1:36:37	T	abc	
0:34:49	J	\'_'	
0:59:15	B	//	
0:29:02	Z	かな✒	
1:48:59	J	漢字	
1:17:54	U	123	
1:33:11	N	ひらがな	
1:58:47	Z	ひらがな	
0:37:42	W	✒	
1:45:51	M	abc	
1:08:46	U	123	
0:17:51	A	漢字	
1:24:38	N	✒	
1:11:48	C	かな✒	
2:19:07	E	ｚｅｎ	500
1:50:25	I	\'_'	
1:09:02	D	123	
1:39:50	T	//	
1:05:10	A	\'_'	
0:16:51	Y	漢字	
1:51:51	D	abc	2000
1:30:11	U	abc	
0:09:59	F	✒	
0:14:11	P	ｚｅｎ	
1:36:08	A	//	
0:09:55	G	カタカナ	
0:10:53	T	カタカナ	
0:29:15	Z	✒	
1:06:09	T	\'_'	1000
1:10:38	M	\'_'	200
0:39:53	Q	カタカナ	
0:00:41	O	ひらがな	
0:18:32	R	かな✒	
1:41:22	C	abc	
0:07:23	C	123	
0:03:33	J	abc	
0:51:05	M	かな✒	
0:32:24	I	ひらがな	
2:07:26	P	123	100
1:07:22	E	かな✒	
2:06:46	Z	abc	
0:17:45	L	カタカナ	
2:02:07	L	カタカナ	1000
1:05:12	O	かな✒	
0:41:58	I	//	
0:45:19	L	//	
0:46:58	Y	abc	
0:55:02	F	かな✒	
1:51:02	E	123	
0:54:58	J	かな✒	
0:47:19	A	ｚｅｎ	
0:54:54	G	ひらがな	
1:13:36	I	ひらがな	
0:48:56	S	abc	
1:15:06	U	漢字	200
0:22:00	X	//	100
2:19:26	U	123	
0:24:50	W	かな✒	
0:15:57	Q	漢字	
1:57:24	D	カタカナ	
2:05:33	V	漢字	
0:23:55	Y	123	
0:18:43	Q	漢字	
0:35:41	L	//	
2:02:23	C	//	
1:48:20	I	\'_'	
0:51:09	P	カタカナ	
1:42:15	B	✒	
2:06:05	F	漢字	
0:53:07	Q	\'_'	
1:01:49	M	123	
0:49:25	F	ひらがな	
2:12:59	Q	123	
0:34:44	W	カタカナ	
1:39:42	M	ひらがな	10000
1:57:13	Y	//	
1:28:05	H	かな✒	
2:22:00	L	//	
2:10:17	P	123	
1:13:06	A	//	
2:16:49	J	abc	
2:22:19	O	\'_'	200
0:54:43	L	かな✒	
1:45:21	D	123	
2:05:29	T	カタカナ	
2:22:20	M	ひらがな	
1:14:00	Z	カタカナ	
1:04:35	C	//	
1:24:17	A	abc	
1:56:52	Q	カタカナ	
1:59:18	B	123	
1:30:34	K	カタカナ	
1:12:02	O	123	
1:10:47	T	カタカナ	
1:49:14	T	123	
1:06:49	L	✒	200
1:38:35	Y	//	
2:04:34	D	✒	
0:17:05	W	ひらがな	
0:20:17	T	abc	
1:31:50	P	カタカナ	
1:57:52	C	ひらがな	
1:05:35	H	//	
0:23:46	R	ｚｅｎ	
1:22:25	S	かな✒	200
2:11:57	B	ひらがな	100
1:44:04	B	漢字	2000
1:18:17	X	123	
2:03:49	D	abc	
0:46:33	P	\'_'	
0:11:53	D	漢字	
2:20:01	D	abc	100
0:03:20	J	\'_'	
0:24:14	K	ひらがな	
1:16:29	N	//	
2:09:34	E	カタカナ	
1:59:26	T	✒	
1:33:22	N	かな✒	
0:52:59	E	ひらがな	
1:01:45	F	ひらがな	
0:49:28	P	カタカナ	
1:04:50	W	123	
0:19:12	O	ひらがな	500
0:15:11	W	abc	
2:14:52	I	abc	
1:48:30	E	カタカナ	
1:09:09	C	かな✒	
1:36:31	W	✒	100
1:38:14	Z	\'_'	100
1:10:52	O	123	
0:37:38	M	かな✒	
1:37:15	Y	abc	
0:55:00	X	abc	
1:02:00	X	✒	
2:02:55	Z	\'_'	
0:23:31	N	カタカナ	
0:31:31	R	✒	
0:06:05	Y	//	
0:04:43	Q	//	
2:17:30	C	//	
1:40:37	F	カタカナ	
2:13:50	Z	\'_'	
2:22:37	J	カタカナ	
2:15:16	W	かな✒	
0:30:46	B	漢字	
0:08:02	Q	カタカナ	
1:52:27	Q	✒	100
0:32:39	J	ｚｅｎ	
1:42:37	U	ひらがな	1000
0:08:39	L	//	
1:17:56	J	123	
0:54:34	H	ｚｅｎ	
1:16:28	X	ｚｅｎ	100
1:43:42	X	✒	
1:56:25	J	ｚｅｎ	
0:52:00	T	ｚｅｎ	
1:18:14	M	ひらがな	
1:41:18	B	abc	
0:28:19	U	かな✒	
1:44:58	W	ｚｅｎ	
0:36:51	Q	漢字	
0:36:06	P	かな✒	200
0:21:10	P	123	500
0:11:30	S	かな✒	
1:02:18	W	123	
0:15:44	C	123	
0:56:48	M	カタカナ	
0:45:50	M	//	
1:59:32	V	ひらがな	
1:29:10	G	かな✒	
0:44:44	F	かな✒	
2:14:25	F	//	
1:00:02	D	\'_'	100
0:26:59	S	漢字	
1:39:40	F	かな✒	500
1:49:20	W	123	
0:35:15	E	abc	
0:10:29	C	123	
0:18:44	D	\'_'	
0:30:22	V	カタカナ	2000
1:48:30	R	\'_'	
2:06:50	L	abc	
1:02:34	T	abc	
0:17:32	C	ｚｅｎ	
0:09:53	D	かな✒	
1:16:44	X	ひらがな	
1:26:44	R	かな✒	
1:59:09	N	ひらがな	
0:27:48	H	ひらがな	
1:26:04	L	abc	
1:58:30	J	abc	
1:17:08	A	✒	
1:46:57	Y	✒	
0:44:39	T	123	
0:04:28	F	\'_'	2000
0:29:13	K	\'_'	
2:20:50	R	ｚｅｎ	200
0:11:44	X	ひらがな	
0:10:53	P	\'_'	
0:15:05	I	ひらがな	
0:14:13	A	abc	
0:52:45	N	abc	
2:21:40	Q	✒	
0:53:37	I	ひらがな	
0:40:15	L	abc	
0:33:16	O	ひらがな	
0:56:08	S	ｚｅｎ	
2:09:25	A	abc	
1:27:11	E	カタカナ	
1:26:10	B	abc	
0:53:47	C	✒	100
2:16:00	I	//	
1:52:21	E	かな✒	500
1:48:42	K	ひらがな	
2:02:27	C	abc	500
2:06:13	T	かな✒	
0:07:24	U	✒	
1:29:15	C	123	
1:07:58	F	abc	
2:02:37	Q	カタカナ	
1:41:10	A	✒	
1:17:31	M	\'_'	20000
0:28:22	X	ｚｅｎ	
1:11:54	A	ひらがな	
2:09:58	E	\'_'	200
1:22:52	M	\'_'	
0:13:20	K	//	
1:19:52	Q	ひらがな	
0:58:03	C	\'_'	
0:11:32	T	かな✒	100
1:22:09	R	ｚｅｎ	100
0:43:02	N	\'_'	2000
1:26:14	E	カタカナ	
0:55:28	U	\'_'	
0:51:42	G	\'_'	
1:19:22	P	✒	
1:09:28	V	ひらがな	
1:50:55	Y	カタカナ	
1:58:33	R	かな✒	
1:01:21	B	ｚｅｎ	
0:18:57	X	123	200
0:09:34	J	ｚｅｎ	5000
0:09:01	P	//	
0:35:08	D	ひらがな	
2:07:17	N	ひらがな	
0:33:17	S	abc	
0:14:40	L	漢字	
1:02:13	C	123	
2:17:57	Y	カタカナ	500
1:11:03	T	カタカナ	
2:11:15	B	かな✒	
0:35:50	Q	\'_'	
0:40:54	P	カタカナ	
1:27:43	O	ｚｅｎ	
1:11:11	P	カタカナ	
0:20:35	A	漢字	
1:35:43	F	\'_'	
0:16:00	U	abc	
0:28:44	X	✒	
0:24:01	W	//	
0:17:25	G	abc	
1:09:55	F	✒	
0:08:38	Z	\'_'	
1:27:35	G	かな✒	
2:19:13	U	ｚｅｎ	
0:10:14	J	漢字	
1:12:05	P	カタカナ	
1:41:52	H	\'_'	
1:23:25	S	\'_'	
0:13:37	R	ひらがな	
1:31:23	F	漢字	
0:11:49	Y	かな✒	
1:04:16	V	abc	
2:19:52	S	\'_'	
0:20:05	K	abc	
1:41:19	N	ｚｅｎ	
1:22:25	V	//	
1:02:31	M	ｚｅｎ	
0:07:11	Z	カタカナ	
0:38:52	O	ひらがな	
0:14:36	B	✒	1000
1:45:21	T	✒	
0:53:13	I	123	
1:41:54	I	ｚｅｎ	
0:59:46	G	abc	
1:11:05	O	123	
1:33:17	I	ひらがな	
1:01:35	V	abc	100
0:33:28	P	ひらがな	
1:14:06	I	//	1000
1:26:26	L	漢字	
1:08:54	Z	漢字	
0:50:27	V	\'_'	200
1:06:19	X	カタカナ	
0:56:47	C	//	
1:46:36	U	\'_'	
0:49:00	J	ひらがな	
1:53:34	X	123	500
1:21:10	Z	かな✒	
0:18:52	J	ひらがな	1000
1:49:46	Y	ひらがな	
2:21:26	H	ひらがな	200
2:15:27	I	abc	500
2:22:24	G	ｚｅｎ	
1:54:47	G	abc	
1:31:51	O	✒	
1:11:51	W	ひらがな	
1:45:33	G	123	
1:53:56	Z	ひらがな	
0:47:50	J	//	2000
2:15:31	Y	\'_'	100
0:35:27	C	ひらがな	
1:16:56	O	カタカナ	100
0:19:17	K	abc	
0:03:11	V	\'_'	
0:20:54	K	ｚｅｎ	100
1:35:48	D	ｚｅｎ	
1:39:19	K	//	
2:07:46	R	漢字	
1:31:32	J	123	500
0:52:59	D	ｚｅｎ	200
1:29:50	F	✒	
0:13:06	Q	ｚｅｎ	
0:21:28	I	//	10000
1:03:52	W	ひらがな	
0:50:18	Y	✒	
1:59:10	L	漢字	
0:37:44	D	\'_'	
1:15:36	U	abc	
2:19:19	L	123	
0:50:07	V	ひらがな	
0:14:54	C	カタカナ	
1:54:04	Y	123	
2:21:19	Q	abc	
2:13:15	V	ｚｅｎ	500
1:20:05	E	カタカナ	
1:29:54	I	ｚｅｎ	
0:09:38	G	カタカナ	500
2:07:54	M	✒	
0:56:11	Z	\'_'	
0:08:17	A	123	
1:51:41	S	//	
1:35:27	Z	\'_'	
0:15:31	Z	abc	
1:12:17	M	漢字	
2:01:53	A	//	
1:05:37	E	✒	
1:06:22	R	abc	
1:05:20	V	かな✒	
1:54:55	Z	カタカナ	
0:10:01	P	ひらがな	
2:08:11	F	✒	
0:21:10	A	abc	
1:54:10	Z	ｚｅｎ	
0:10:36	L	abc	
1:06:59	K	abc	
2:03:30	T	\'_'	200
1:02:22	J	かな✒	
2:21:26	V	//	
0:09:54	S	カタカナ	500
0:57:03	L	漢字	
0:55:26	L	ｚｅｎ	
1:15:31	L	ひらがな	
0:04:54	G	漢字	5000
2:06:54	M	abc	
1:47:47	P	カタカナ	
1:06:38	H	カタカナ	
0:46:02	N	漢字	1000
0:59:45	E	✒	
1:08:35	Y	かな✒	100
1:35:10	V	✒	
2:19:25	E	カタカナ	1000
2:23:21	M	\'_'	5000
0:59:21	E	漢字	
0:59:33	G	ひらがな	
0:49:06	P	ひらがな	
0:46:46	R	かな✒	
1:40:13	M	ｚｅｎ	
1:03:31	K	カタカナ	
1:41:46	X	✒	
1:01:16	V	ひらがな	
0:58:50	G	abc	
2:01:05	Q	\'_'	
0:25:53	W	✒	500
0:31:48	A	abc	
1:21:49	B	かな✒	
2:01:34	G	ｚｅｎ	
0:02:37	Z	ひらがな	
1:56:53	O	123	500
0:47:52	V	ｚｅｎ	100
1:59:36	Q	✒	200
1:18:27	N	//	
0:29:11	T	abc	
1:12:57	J	✒	
1:26:47	N	ひらがな	
0:00:46	O	✒	
0:49:08	Q	ひらがな	1000
0:59:15	F	ひらがな	
0:02:41	U	かな✒	
2:10:11	O	✒	
0:51:31	M	abc	
0:24:36	R	カタカナ	
0:22:38	D	//	
0:51:43	T	abc	
0:31:18	X	かな✒	
1:24:58	H	123	
0:59:25	O	\'_'	
1:34:37	F	✒	
1:34:10	W	かな✒	
1:01:15	K	//	
0:36:18	L	\'_'	
0:01:55	V	カタカナ	
0:17:58	N	\'_'	
0:25:20	Y	//	
0:46:27	K	カタカナ	
1:04:54	N	かな✒	
1:43:46	O	ｚｅｎ	
0:41:35	B	abc	
1:14:57	S	✒	
1:19:16	P	\'_'	
0:59:20	V	ｚｅｎ	
0:45:18	J	//	
1:25:24	O	ｚｅｎ	
2:08:01	L	//	
1:35:35	T	漢字	
1:38:17	N	✒	
1:16:41	H	漢字	
2:09:28	N	abc	
0:28:20	V	✒	
2:14:12	U	123	
1:27:30	O	//	100
0:57:19	J	✒	
0:31:17	O	//	
1:49:37	O	123	500
0:17:12	L	123	
2:22:24	L	かな✒	
1:30:54	T	123	
1:54:32	L	カタカナ	
0:16:02	P	\'_'	
1:39:28	B	ｚｅｎ	
1:00:21	R	ひらがな	
0:06:41	X	カタカナ	
1:26:06	J	カタカナ	100
0:37:25	R	ひらがな	
2:11:38	U	abc	
0:25:27	Q	123	100
0:44:08	N	✒	
0:25:23	Y	abc	
0:19:04	L	abc	
0:45:00	B	✒	
1:57:20	F	ｚｅｎ	
2:00:32	P	\'_'	
1:20:48	B	\'_'	
1:47:33	N	漢字	
1:43:54	C	abc	100
1:48:52	Y	✒	
1:23:11	I	かな✒	100
0:24:25	Z	123	
0:21:01	E	//	
1:48:47	B	漢字	
0:45:53	J	//	100
0:46:38	J	漢字	
1:23:35	O	✒	500
1:29:18	B	✒	
1:17:34	K	カタカナ	
2:16:58	J	ｚｅｎ	
1:53:55	J	カタカナ	500
0:31:04	K	漢字	
2:21:41	J	abc	100
0:42:03	B	//	
1:32:46	O	ｚｅｎ	
0:49:42	X	漢字	
1:27:29	X	123	100
1:31:58	J	カタカナ	
1:25:30	E	//	
1:38:17	G	abc	
1:55:04	H	ｚｅｎ	
0:24:10	A	カタカナ	
2:16:42	E	123	
1:02:42	P	abc	
1:00:23	P	✒	
2:23:45	X	\'_'	
0:26:27	U	漢字	
1:55:01	D	//	100
0:29:26	S	//	
2:13:52	P	ひらがな	
0:02:15	E	//	
0:28:12	V	123	
0:45:48	M	✒	200
1:39:44	I	✒	
2:08:56	A	カタカナ	100
1:51:04	X	カタカナ	
1:13:45	H	カタカナ	
0:11:04	J	漢字	5000
2:18:45	U	✒	
0:22:53	E	123	
2:00:22	O	カタカナ	
0:04:19	A	✒	1000
0:53:25	E	ｚｅｎ	
1:20:39	O	カタカナ	500
1:06:27	I	✒	
0:17:23	Z	ひらがな	
1:54:55	Y	ひらがな	
1:59:37	V	abc	
2:16:12	B	abc	
1:37:21	N	\'_'	
0:23:27	B	abc	
1:00:29	Q	abc	
1:16:18	G	ｚｅｎ	100
1:20:04	E	ｚｅｎ	
2:13:04	S	\'_'	
1:02:30	J	かな✒	
1:49:13	L	ひらがな	200
0:37:45	X	123	
1:03:54	Z	ｚｅｎ	
2:03:56	B	ひらがな	
2:14:12	F	漢字	
0:54:06	R	123	
0:11:23	U	かな✒	
1:08:42	T	かな✒	
1:01:22	Q	//	
1:22:00	G	漢字	
0:32:27	D	abc	200
0:38:33	U	ひらがな	
0:21:26	X	ｚｅｎ	
0:30:12	L	abc	
2:18:27	L	カタカナ	
0:14:54	B	✒	
0:11:10	U	//	2000
0:36:45	B	//	
0:26:51	A	ｚｅｎ	
0:01:17	M	abc	
0:16:52	G	ｚｅｎ	
0:02:43	V	ｚｅｎ	1000
1:00:05	Z	\'_'	
0:25:21	W	ひらがな	
1:59:09	F	かな✒	
1:25:37	W	123	
1:35:12	V	//	
0:05:46	T	\'_'	
0:57:44	Y	\'_'	1000
1:06:33	O	123	
2:16:18	Z	かな✒	
0:16:32	Q	123	
0:50:52	Z	漢字	
0:29:54	H	カタカナ	
2:05:14	L	✒	
0:30:32	N	ｚｅｎ	
0:54:08	M	✒	200
2:23:15	T	//	
1:05:55	U	カタカナ	
0:22:59	F	abc	
0:06:12	Q	カタカナ	
0:42:33	U	\'_'	
0:22:30	K	かな✒	
2:13:56	T	漢字	
0:42:59	H	\'_'	
0:52:20	Y	//	
0:07:13	S	かな✒	100
1:18:03	L	ひらがな	
2:15:10	I	✒	
0:29:13	R	かな✒	
0:58:50	H	123	
0:02:00	S	//	
1:43:50	W	漢字	
1:00:37	J	✒	100
2:03:31	G	ｚｅｎ	
1:28:19	C	123	
1:01:57	E	//	
1:21:57	E	✒	
2:19:33	U	✒	
0:43:51	U	✒	200
0:17:59	Y	✒	
0:00:49	K	//	1000
0:19:42	S	123	
1:47:57	W	漢字	
1:24:37	X	abc	
1:44:09	A	\'_'	
1:58:02	E	カタカナ	5000
0:28:33	G	//	
1:21:25	U	カタカナ	
0:38:21	X	ひらがな	100
1:50:19	H	カタカナ	
1:45:04	B	ｚｅｎ	
1:27:55	A	ひらがな	
0:00:00	S	\'_'	
0:31:05	M	✒	
0:37:27	P	漢字	
0:13:04	I	カタカナ	
1:49:29	D	\'_'	
1:36:33	N	\'_'	
1:15:54	O	ひらがな	
1:36:21	F	123	2000
0:52:18	U	abc	
2:20:24	B	✒	
0:57:33	B	漢字	
0:26:30	I	かな✒	
0:49:02	O	カタカナ	100
2:03:50	Z	カタカナ	
0:16:30	Y	カタカナ	
0:35:41	R	かな✒	200
0:16:32	S	かな✒	
2:13:16	W	//	
0:00:46	L	//	100
0:28:22	R	ｚｅｎ	5000
1:28:01	S	\'_'	
0:34:46	U	\'_'	
1:22:17	V	abc	
0:42:11	L	\'_'	
0:06:57	V	123	
0:51:20	G	abc	
0:11:27	S	\'_'	
1:55:01	V	ひらがな	
2:07:58	C	カタカナ	
2:13:44	E	ひらがな	
0:47:02	S	かな✒	
1:08:06	W	漢字	
0:13:15	H	かな✒	200
0:26:19	R	123	20000
0:31:43	F	\'_'	
2:13:33	X	ｚｅｎ	
1:19:13	V	ひらがな	
2:15:44	P	カタカナ	
1:01:15	L	abc	
1:54:44	V	//	
1:28:34	V	ひらがな	500
1:19:37	X	カタカナ	200
1:08:37	D	ひらがな	200
1:40:12	C	✒	
1:31:16	Q	漢字	
0:57:26	N	漢字	
0:16:38	D	123	100
0:57:35	C	ひらがな	
1:36:34	W	ｚｅｎ	200
0:14:20	P	abc	
1:25:50	C	ひらがな	
0:57:03	O	\'_'	
2:10:55	S	123	
2:08:46	X	漢字	
0:10:57	X	\'_'	
1:25:30	A	✒	
0:25:19	B	abc	
0:36:08	P	\'_'	200
0:54:41	A	abc	
0:18:26	S	✒	
0:59:52	T	abc	
1:17:26	V	//	500
1:42:16	P	カタカナ	20000
1:15:07	R	漢字	
1:24:49	I	123	
1:53:55	O	漢字	
2:14:59	D	ｚｅｎ	
0:38:58	L	ｚｅｎ	
1:44:36	B	ひらがな	100
1:15:01	Y	abc	
1:21:16	C	ｚｅｎ	
0:18:26	R	ひらがな	200
1:17:09	H	123	
0:27:44	G	ｚｅｎ	
1:11:09	D	\'_'	
0:37:23	B	//	
2:22:35	I	漢字	
1:59:00	D	漢字	
1:22:53	E	ｚｅｎ	
0:38:44	V	カタカナ	
0:27:41	P	ひらがな	
1:04:09	I	漢字	
1:18:41	D	\'_'	
0:13:37	L	123	200
1:47:10	X	漢字	
1:40:23	P	漢字	
0:20:52	C	かな✒	
1:24:18	F	かな✒	
1:52:38	U	かな✒	
2:01:12	C	かな✒	
2:09:37	N	ｚｅｎ	
1:05:56	U	abc	
0:11:19	H	123	10000
1:53:05	E	ｚｅｎ	
0:53:50	V	abc	
0:35:00	L	//	
2:21:45	V	123	200
2:02:17	H	123	
2:03:40	G	かな✒	
0:17:54	P	かな✒	
1:51:13	Y	abc	
2:01:10	X	かな✒	
1:24:21	E	ひらがな	
1:03:10	Z	漢字	
1:17:53	H	123	
1:39:13	A	かな✒	
2:23:02	L	ｚｅｎ	
1:37:16	E	ひらがな	200
0:51:47	A	//	
0:31:24	L	漢字	
0:28:55	N	✒	
0:39:51	U	//	
0:57:16	Z	ひらがな	
1:11:44	K	✒	
1:07:19	D	漢字	
1:00:46	A	ひらがな	
1:19:09	T	abc	
1:31:55	X	✒	
1:57:58	N	ひらがな	200
2:21:51	M	abc	
1:10:27	E	123	
0:45:29	O	✒	
1:04:12	D	かな✒	100
0:45:00	K	✒	
2:02:58	A	123	
1:41:38	Z	//	100
2:10:51	M	かな✒	
0:43:51	F	123	
1:38:16	R	123	100
1:25:15	I	かな✒	
0:48:21	L	123	
1:38:27	Q	//	200
1:44:06	Z	//	
0:34:00	V	\'_'	
1:18:13	C	ｚｅｎ	
0:01:45	Y	カタカナ	500
0:07:35	C	\'_'	
1:59:59	O	abc	
1:53:47	M	abc	5000
1:04:17	I	123	
2:12:18	R	✒	
1:46:17	X	漢字	
1:06:10	X	✒	
2:01:24	K	漢字	
0:22:24	F	カタカナ	
1:28:15	E	漢字	
1:11:47	Q	ｚｅｎ	
1:50:36	X	//	
0:39:18	G	✒	
0:45:29	K	abc	
2:00:28	A	//	
0:30:14	Q	漢字	
1:17:39	W	//	500
2:17:19	Q	abc	
2:17:06	W	ｚｅｎ	
2:14:33	H	//	
0:27:30	X	abc	
0:53:50	B	漢字	
1:57:55	E	ひらがな	
2:19:05	A	//	
2:23:54	C	123	
0:42:13	J	カタカナ	
1:56:36	P	カタカナ	
0:19:27	S	✒	
1:04:51	N	abc	500
2:08:58	B	\'_'	
0:39:43	F	カタカナ	
0:38:01	M	かな✒	
2:14:09	J	ひらがな	
0:30:10	X	ｚｅｎ	100
1:55:29	X	abc	
1:41:48	W	漢字	20000
1:20:47	Z	abc	
0:04:06	Q	ｚｅｎ	
0:14:52	W	✒	
2:00:57	U	カタカナ	
1:27:23	P	\'_'	100
1:42:08	K	abc	
0:25:10	W	カタカナ	
2:07:35	T	✒	
1:47:26	H	123	
1:44:19	G	123	
1:03:02	F	//	
1:28:47	Y	//	
0:33:19	F	123	
0:04:44	A	✒	
0:43:11	P	123	1000
2:17:09	W	//	
0:21:14	T	//	
0:56:33	F	カタカナ	
1:49:59	G	かな✒	
1:14:05	T	✒	
0:59:30	V	ひらがな	
1:57:18	O	ひらがな	
0:12:33	X	✒	
0:46:18	E	ｚｅｎ	
1:30:30	Z	漢字	500
1:24:49	A	123	
2:18:42	M	//	
2:07:52	J	漢字	1000
2:11:47	H	ひらがな	
0:29:14	N	123	
1:02:54	N	abc	
0:34:35	T	\'_'	
1:04:38	E	\'_'	
1:54:25	T	カタカナ	
2:09:25	S	ひらがな	
0:29:27	L	ｚｅｎ	100
1:22:29	B	漢字	
2:06:24	N	カタカナ	
0:09:01	F	ひらがな	500
2:15:46	A	かな✒	
1:40:26	Q	ｚｅｎ	
0:53:57	R	漢字	200
0:39:38	Z	かな✒	
0:49:17	T	ｚｅｎ	
2:05:30	R	✒	
1:58:12	D	✒	
0:13:06	P	ｚｅｎ	
1:23:49	Z	//	
1:38:40	Y	ｚｅｎ	
2:18:35	H	ｚｅｎ	
1:24:48	F	abc	
0:47:06	I	abc	
2:12:16	B	abc	
1:52:51	P	漢字	
0:22:56	G	123	
1:32:29	V	カタカナ	200
1:41:32	Z	//	
1:40:13	G	\'_'	
2:07:38	C	\'_'	
1:54:56	J	ｚｅｎ	100
1:17:53	H	//	
1:20:47	A	\'_'	
1:02:12	C	//	
0:09:39	E	ひらがな	20000
2:08:43	Q	123	
0:01:52	B	カタカナ	
0:27:50	D	漢字	
0:43:33	I	\'_'	200
1:27:00	Y	ｚｅｎ	
0:26:43	I	abc	100
1:44:45	U	カタカナ	
1:34:49	U	漢字	
1:08:32	E	123	
0:24:18	U	✒	100
0:45:06	F	\'_'	
0:45:39	U	abc	
0:59:20	F	//	200
2:00:43	G	ｚｅｎ	
2:13:33	R	123	
1:22:33	Q	123	
0:34:11	Q	abc	
0:24:40	H	ｚｅｎ	
1:16:53	R	ひらがな	
1:31:19	N	\'_'	
1:58:48	K	かな✒	
1:11:19	Z	\'_'	
1:01:10	O	かな✒	
1:33:35	F	ひらがな	
1:05:02	B	ｚｅｎ	
0:55:06	O	ひらがな	
1:30:38	P	ひらがな	
0:41:50	Q	//	
2:11:14	G	ひらがな	
1:26:15	R	123	
0:06:44	D	✒	
0:36:11	S	\'_'	
2:20:53	T	カタカナ	
1:00:30	Z	\'_'	100
0:05:45	L	かな✒	
0:33:41	E	かな✒	
0:49:20	F	//	100
0:13:13	A	\'_'	
0:20:34	Z	漢字	
0:09:39	S	//	
1:44:30	L	カタカナ	
2:00:01	Z	ひらがな	
1:09:02	X	カタカナ	100
0:26:39	Q	ｚｅｎ	
0:39:01	U	漢字	
2:12:35	V	✒	
0:57:01	O	かな✒	
1:19:55	T	漢字	
0:41:16	T	かな✒	
0:51:48	A	ひらがな	
0:11:08	M	カタカナ	
1:09:22	S	カタカナ	200
1:41:52	Q	かな✒	
0:24:03	F	ｚｅｎ	
1:40:52	O	abc	
1:26:03	C	✒	
2:00:15	Y	123	200
0:12:33	N	ｚｅｎ	
0:10:47	Y	ひらがな	100
0:17:06	B	ひらがな	
2:20:57	S	ひらがな	
1:06:41	K	ひらがな	
0:50:24	I	//	
1:59:18	B	✒	
0:07:26	G	かな✒	
0:30:36	O	ひらがな	
1:51:53	E	123	
0:38:31	H	カタカナ	
0:39:29	X	漢字	100
1:03:41	D	\'_'	
2:00:22	K	かな✒	
1:48:29	I	ひらがな	500
1:28:14	U	かな✒	
2:06:27	F	abc	
1:40:03	C	123	
2:02:41	A	ひらがな	100
1:35:18	F	\'_'	
1:05:47	C	漢字	
0:19:59	Q	\'_'	
1:10:44	O	ひらがな	
2:02:59	K	//	1000
2:22:55	J	//	
0:16:36	K	123	
0:58:49	X	✒	100
2:12:44	U	ひらがな	
1:56:57	P	カタカナ	
1:03:01	J	abc	
1:08:24	U	abc	
2:11:35	E	\'_'	
2:01:06	V	ｚｅｎ	1000
1:10:30	E	漢字	
0:25:22	H	✒	
0:02:17	I	ひらがな	
2:18:38	R	ｚｅｎ	
0:03:53	C	//	
1:30:12	M	123	
0:55:55	U	✒	
1:52:52	G	ひらがな	
0:27:13	U	漢字	
0:29:41	B	✒	10000
1:09:41	A	123	
1:09:13	V	✒	500
0:18:49	W	✒	
1:16:47	J	ｚｅｎ	
0:25:27	Z	ｚｅｎ	
0:42:59	I	\'_'	
0:54:11	U	abc	
1:19:21	N	カタカナ	
1:26:36	I	ｚｅｎ	
1:01:49	T	abc	
0:59:37	Z	\'_'	2000
1:49:59	Y	abc	
1:02:35	C	✒	
1:17:20	O	かな✒	
1:18:20	L	カタカナ	
0:12:39	R	123	
0:02:01	V	abc	
2:02:48	C	かな✒	
1:04:29	D	ｚｅｎ	
2:15:28	K	\'_'	
1:17:48	I	\'_'	
0:39:43	W	漢字	
1:18:15	V	かな✒	
0:37:58	G	漢字	
0:22:23	G	漢字	
1:28:01	X	//	
0:29:55	S	かな✒	
0:31:43	K	ひらがな	500
1:53:53	I	ｚｅｎ	
1:29:13	D	123	
1:01:10	U	✒	500
0:16:27	Q	ｚｅｎ	
0:57:27	N	✒	
2:08:54	G	ｚｅｎ	
1:56:06	O	カタカナ	
2:08:33	U	\'_'	100
1:09:11	N	かな✒	
1:30:56	A	かな✒	100
0:59:22	W	\'_'	
0:59:59	O	カタカナ	
1:10:59	N	//	
1:33:27	W	ひらがな	
0:09:11	U	ひらがな	
2:00:53	E	\'_'	
0:37:19	B	ｚｅｎ	100
0:30:10	Y	abc	
1:14:33	R	//	2000
1:36:55	R	ｚｅｎ	
2:23:58	X	\'_'	
1:03:06	I	カタカナ	
1:49:11	L	カタカナ	1000
2:02:07	X	123	
1:29:40	Y	カタカナ	
2:03:06	D	✒	
0:18:03	Z	漢字	
1:08:12	V	カタカナ	
1:57:08	K	✒	
0:45:03	C	ｚｅｎ	
1:23:31	G	ひらがな	
1:07:35	F	//	
0:59:44	S	ひらがな	
1:05:14	F	123	
0:24:37	W	かな✒	
0:11:52	E	カタカナ	
2:01:20	K	abc	
2:20:03	Z	ひらがな	
2:20:09	X	カタカナ	100
0:22:53	D	ｚｅｎ	2000
0:57:45	S	✒	
1:13:14	Y	123	1000
0:13:29	R	abc	
0:11:19	B	✒	
1:01:26	F	✒	
1:46:02	H	カタカナ	
1:59:07	R	カタカナ	100
2:16:06	M	abc	
0:34:27	J	かな✒	
1:05:37	F	ひらがな	200
1:23:29	G	ひらがな	
0:15:02	R	\'_'	100
1:05:16	F	✒	100
0:09:55	H	✒	200
1:57:05	X	//	
1:57:20	N	\'_'	
0:27:48	H	✒	
0:02:02	G	123	
1:27:07	G	ひらがな	100
1:48:16	Y	abc	
2:01:19	X	漢字	
2:08:06	I	\'_'	
1:50:12	O	\'_'	
1:00:15	B	\'_'	
1:56:10	S	\'_'	
0:06:56	A	abc	
0:15:54	S	カタカナ	
0:09:29	Q	\'_'	
0:28:33	O	かな✒	
1:00:53	B	123	
1:39:09	Q	かな✒	
1:07:56	M	かな✒	
1:51:21	L	漢字	
1:24:53	W	//	
2:18:44	H	123	
0:59:52	R	かな✒	
1:55:03	F	ひらがな	
2:09:40	D	✒	
1:38:35	W	漢字	
2:23:41	K	123	
2:02:14	P	\'_'	
0:08:45	D	かな✒	
0:01:51	A	かな✒	
1:25:15	E	123	
0:19:34	E	カタカナ	
1:35:25	D	漢字	1000
2:03:57	T	漢字	500
0:48:06	C	\'_'	
2:15:16	U	123	
0:30:53	G	漢字	200
1:13:15	U	abc	100
2:23:41	Y	\'_'	100
0:07:07	Y	ｚｅｎ	
2:19:00	E	かな✒	
1:45:27	C	\'_'	
1:47:49	K	//	200
0:51:46	G	\'_'	500
1:23:38	F	ｚｅｎ	
1:33:47	U	abc	
1:10:06	J	ひらがな	200
0:05:26	O	abc	
2:06:56	D	ひらがな	
1:51:47	Y	✒	100
1:56:32	X	//	
1:54:18	Z	かな✒	1000
1:18:25	M	ｚｅｎ	
0:10:16	M	//	
0:36:17	W	//	
0:31:46	Y	abc	
2:12:09	F	123	
0:52:35	H	\'_'	
1:01:35	R	漢字	
2:00:36	X	123	
1:42:19	H	かな✒	100
2:19:41	O	かな✒	
1:40:20	B	カタカナ	
1:58:46	I	ｚｅｎ	2000
2:04:25	E	123	
0:57:19	L	abc	
0:48:32	M	✒	
2:01:37	V	かな✒	
0:09:27	V	\'_'	200
0:14:24	C	✒	100
1:20:12	G	漢字	
0:37:20	N	123	
1:49:27	N	かな✒	
2:17:15	Z	かな✒	
2:17:54	M	\'_'	
0:11:28	V	//	
0:48:16	P	\'_'	
1:53:33	X	かな✒	500
0:10:56	A	123	
0:13:21	I	✒	
0:03:02	E	//	
2:23:04	D	ひらがな	
1:52:45	E	かな✒	
1:15:42	A	ひらがな	
1:52:57	J	✒	2000
2:01:37	B	ひらがな	100
0:02:46	N	ひらがな	
0:49:05	N	\'_'	
1:37:40	O	\'_'	
1:23:47	N	123	
0:36:45	S	かな✒	2000
1:11:32	X	漢字	
0:42:14	K	✒	
1:36:51	X	//	
1:13:05	C	abc	
2:06:21	B	ｚｅｎ	
1:02:14	E	漢字	
1:13:32	W	\'_'	
2:00:43	P	abc	
0:43:35	Z	123	
1:56:12	U	漢字	
2:05:43	I	//	100
2:05:05	U	✒	
0:54:53	K	abc	
0:53:51	A	//	5000
0:26:45	Q	\'_'	200
1:14:21	J	カタカナ	5000
0:46:24	S	\'_'	
2:12:44	X	abc	
0:48:50	E	ｚｅｎ	200
2:00:43	N	ひらがな	
2:21:32	A	ひらがな	
2:02:26	W	ひらがな	1000
0:30:37	F	abc	
1:38:59	B	123	
1:36:41	B	\'_'	1000
0:54:46	I	abc	500
1:43:11	G	カタカナ	
0:50:07	H	かな✒	
1:58:46	W	カタカナ	
1:44:34	Y	カタカナ	
0:53:13	Y	\'_'	200
0:25:37	W	カタカナ	200
1:06:15	Z	かな✒	100
0:33:53	E	漢字	
0:21:39	D	かな✒	
2:14:21	O	123	
2:07:06	B	漢字	
0:13:23	T	//	
1:03:34	Q	//	
1:14:25	K	漢字	
1:30:28	V	ひらがな	2000
1:00:30	V	カタカナ	
1:07:34	K	✒	
2:00:36	L	ひらがな	
1:13:48	J	漢字	
0:27:00	R	\'_'	
2:18:58	G	漢字	
0:49:22	I	\'_'	
2:16:01	K	かな✒	
0:40:25	C	カタカナ	2000
0:56:36	L	123	
0:58:05	T	abc	
2:00:16	Z	ｚｅｎ	
0:54:02	C	✒	
2:10:29	B	カタカナ	
2:19:40	D	カタカナ	
1:26:05	M	123	
2:06:51	Q	カタカナ	
1:15:51	M	123	
1:30:37	Z	abc	
0:00:39	Q	abc	
0:58:24	Q	漢字	
0:06:46	W	ひらがな	
1:09:27	S	ｚｅｎ	
1:49:22	K	//	
1:58:40	P	\'_'	
0:34:53	T	カタカナ	
2:02:37	C	ｚｅｎ	
1:06:33	I	カタカナ	
0:08:56	L	漢字	
2:00:37	R	abc	
1:20:56	Z	ひらがな	
1:37:40	P	カタカナ	5000
1:26:29	O	カタカナ	2000
1:32:56	B	かな✒	
1:31:41	D	abc	500
1:52:59	I	ひらがな	200
0:44:36	M	✒	200
1:33:44	Q	//	200
1:54:40	R	\'_'	
1:23:37	F	かな✒	
0:05:47	T	\'_'	
2:03:19	G	//	
2:10:51	G	123	
1:53:44	C	//	
1:52:08	Q	ｚｅｎ	1000
1:35:24	A	ひらがな	
2:09:37	D	\'_'	
1:27:01	U	かな✒	
0:28:05	R	✒	1000
1:41:20	D	ｚｅｎ	
0:04:10	I	ｚｅｎ	
0:04:23	M	\'_'	500
0:39:09	M	//	
1:53:31	E	ｚｅｎ	
0:46:19	P	abc	
2:16:57	Q	ｚｅｎ	1000
1:11:26	M	//	20000
1:28:30	N	ｚｅｎ	200
1:44:01	H	かな✒	200
0:57:50	O	//	
1:31:31	N	abc	
0:26:24	V	かな✒	
0:23:21	W	//	
0:53:34	Y	//	
2:03:45	T	かな✒	
0:28:08	T	ひらがな	
2:02:00	M	カタカナ	
1:33:58	E	\'_'	100
0:03:29	U	かな✒	
0:53:13	O	123	
0:06:06	V	漢字	
1:22:31	J	✒	
0:25:25	Y	ひらがな	
0:15:20	N	\'_'	
2:21:24	P	ｚｅｎ	
1:05:19	V	カタカナ	200
1:41:13	V	かな✒	
2:23:14	H	abc	
0:59:44	E	カタカナ	
2:03:41	Z	\'_'	200
1:40:09	X	abc	
1:42:24	D	123	
0:12:41	G	カタカナ	5000
2:12:43	L	abc	
2:21:38	X	//	
1:28:44	G	カタカナ	
0:11:28	A	かな✒	
1:20:04	F	かな✒	
0:00:25	R	カタカナ	
1:14:44	I	abc	100
0:34:07	M	カタカナ	
0:27:14	D	\'_'	
1:23:20	F	✒	
2:05:08	U	漢字	
0:20:00	A	ｚｅｎ	
0:43:24	K	123	
2:14:32	M	abc	
0:33:51	N	かな✒	
2:17:49	M	ひらがな	
1:01:03	G	カタカナ	
1:18:23	D	ｚｅｎ	200
0:28:51	Q	漢字	
2:17:02	N	123	
1:25:28	V	かな✒	2000
1:09:11	F	✒	
0:28:18	V	123	
2:22:23	P	ｚｅｎ	
1:16:24	D	漢字	
0:01:28	D	ひらがな	
1:44:45	M	//	100
0:16:53	A	漢字	
0:24:31	M	カタカナ	
0:01:33	B	//	100
0:46:45	U	✒	
0:23:13	W	漢字	
0:13:33	P	\'_'	
1:16:21	P	//	
2:01:23	R	カタカナ	
2:05:45	T	カタカナ	
0:12:13	F	ｚｅｎ	200
1:45:17	K	✒	
0:24:42	D	漢字	
0:19:10	T	ひらがな	
0:00:33	H	✒	
2:08:51	R	ｚｅｎ	
2:21:15	V	カタカナ	
1:11:21	G	\'_'	1000
2:04:49	O	\'_'	
0:33:40	C	ひらがな	
1:36:54	X	ｚｅｎ	20000
0:20:24	L	//	
2:23:17	P	漢字	
0:39:34	M	かな✒	100
0:30:45	U	ひらがな	
1:32:02	K	ひらがな	100
2:17:24	P	ひらがな	
0:57:39	L	カタカナ	
2:17:57	W	ひらがな	
2:08:25	S	\'_'	
