1:27:36	P	ｚｅｎ	
1:33:59	S	漢字	200
1:34:27	P	✒	
0:31:35	C	カタカナ	
1:28:05	D	かな✒	
0:50:53	Y	abc	100
1:59:54	A	カタカナ	
0:19:58	E	ｚｅｎ	100
1:02:04	S	\'_'	
2:01:39	W	123	
0:43:59	T	123	
2:02:26	J	abc	20000
0:26:00	T	ｚｅｎ	
0:02:55	X	//	
0:29:35	L	✒	100
2:07:11	X	ひらがな	
1:54:53	D	123	
0:53:22	V	✒	
1:59:14	T	ｚｅｎ	
1:40:45	F	123	
0:45:17	O	//	
0:01:12	A	abc	200
1:40:09	E	//	
0:27:37	L	漢字	10000
1:37:04	A	ｚｅｎ	
1:30:43	A	漢字	
0:33:35	N	✒	
0:04:32	O	漢字	
0:55:16	C	かな✒	
1:21:12	Z	✒	
1:01:52	N	カタカナ	500
2:09:06	Q	かな✒	
0:49:21	K	//	
0:26:37	I	\'_'	
1:18:33	K	abc	100
0:26:06	T	カタカナ	
0:49:11	Q	ｚｅｎ	
1:21:35	J	✒	
1:31:25	D	abc	
0:26:59	R	123	
0:45:54	G	ｚｅｎ	
1:58:29	Q	ｚｅｎ	
0:35:41	H	123	100
0:43:26	L	✒	
1:53:25	E	かな✒	
1:28:38	W	ひらがな	500
0:16:50	U	ひらがな	
1:58:34	K	漢字	
0:22:38	S	漢字	
2:11:36	P	\'_'	
2:19:21	I	abc	
1:05:46	B	\'_'	
0:16:11	S	abc	
1:37:01	B	abc	
0:03:00	G	漢字	
1:39:22	G	カタカナ	
2:09:36	G	✒	
2:15:08	Z	カタカナ	
1:44:28	A	漢字	
1:03:26	S	ひらがな	
0:16:25	M	ひらがな	
0:58:40	N	abc	
2:13:38	U	123	
0:34:57	F	✒	
0:32:03	N	123	
0:40:28	I	✒	
0:55:15	J	かな✒	
1:46:40	A	//	
0:45:27	N	ひらがな	
1:39:52	K	ｚｅｎ	
1:51:11	S	123	
0:17:06	L	123	1000
1:35:20	P	✒	
1:57:52	M	123	
1:45:21	L	カタカナ	
1:26:23	Q	漢字	
2:06:47	B	//	
2:23:12	B	漢字	
1:34:33	O	123	100
1:18:16	B	123	100
0:47:01	T	123	
2:19:01	Z	漢字	
1:25:55	Q	かな✒	100
0:36:12	T	//	1000
1:25:15	Z	かな✒	
1:33:12	N	✒	
1:49:39	H	\'_'	
2:17:28	G	//	
0:29:12	A	//	
2:16:46	E	//	
1:21:54	I	カタカナ	
0:38:15	M	//	500
1:25:13	K	カタカナ	
0:10:42	K	✒	
2:06:25	J	ｚｅｎ	1000
1:44:38	Z	\'_'	
0:10:30	Q	//	
1:12:02	P	ｚｅｎ	
0:59:06	J	ｚｅｎ	
2:01:10	J	✒	2000
0:32:16	H	漢字	100
1:56:56	N	ひらがな	
1:20:56	H	漢字	
1:32:29	L	ひらがな	
1:00:54	W	✒	
1:04:40	I	\'_'	
1:43:35	J	\'_'	
1:25:41	K	カタカナ	
0:28:55	V	ひらがな	
0:41:04	P	\'_'	
0:51:57	C	abc	
1:25:07	P	\'_'	
1:04:06	K	漢字	
1:04:44	W	ｚｅｎ	
1:37:58	L	✒	200
1:46:54	F	かな✒	
1:06:35	F	//	
1:24:16	R	カタカナ	100
0:41:36	S	abc	
0:56:32	U	ひらがな	
1:55:31	L	//	100
1:04:45	I	//	
1:41:37	X	\'_'	
0:42:30	Z	123	
0:08:45	F	カタカナ	
2:22:16	U	abc	
0:13:30	E	//	
2:20:58	X	abc	
1:55:06	L	✒	
0:36:20	V	かな✒	
2:18:44	U	ｚｅｎ	
0:06:12	S	abc	
1:57:04	T	abc	
0:07:36	J	漢字	
1:56:31	D	漢字	
1:41:36	P	abc	
1:36:07	K	\'_'	200
0:20:06	I	abc	
0:19:56	N	カタカナ	
0:51:19	N	ｚｅｎ	200
0:42:59	J	漢字	
1:35:24	U	カタカナ	
1:17:18	K	ひらがな	
1:48:36	T	abc	
1:45:48	F	ｚｅｎ	
1:22:02	L	✒	
1:17:48	D	カタカナ	500
2:09:23	G	ｚｅｎ	
0:28:21	Y	abc	
0:47:55	X	\'_'	
0:40:26	L	abc	
0:35:39	V	かな✒	
0:36:20	L	\'_'	500
2:21:32	O	かな✒	
0:57:00	P	//	
1:45:31	P	//	
1:19:35	I	漢字	
2:08:36	N	かな✒	
0:37:15	A	123	
0:19:13	I	\'_'	
1:22:36	B	かな✒	
2:12:23	L	かな✒	
0:23:25	S	//	
1:49:50	O	✒	1000
1:52:25	M	//	100
1:16:03	T	//	
2:21:59	C	abc	
0:42:27	Y	✒	
0:41:13	I	ひらがな	100
0:43:45	P	カタカナ	
0:56:04	J	漢字	
1:34:47	J	\'_'	500
0:02:45	V	✒	
1:40:25	M	ｚｅｎ	
1:52:33	I	abc	
0:35:59	I	カタカナ	
1:25:54	G	123	
0:40:36	Z	ｚｅｎ	
2:17:42	R	カタカナ	
0:22:19	C	//	
1:08:53	T	かな✒	
2:11:03	M	\'_'	
1:02:17	B	ｚｅｎ	
1:38:38	P	漢字	
0:00:02	Q	かな✒	
0:43:50	X	漢字	200
0:13:14	A	123	
0:48:07	M	123	
1:50:01	Z	abc	10000
1:21:31	K	123	100
0:41:35	P	✒	
0:08:04	G	ｚｅｎ	
1:42:23	K	abc	200
0:05:09	A	abc	
0:42:18	O	ｚｅｎ	
1:57:50	T	123	
0:30:04	T	✒	
0:41:27	J	かな✒	
1:55:12	D	ｚｅｎ	
1:37:35	P	ひらがな	100
1:29:16	V	ひらがな	
1:48:26	J	ひらがな	
2:15:29	Y	漢字	
1:43:59	R	ｚｅｎ	
1:03:49	P	漢字	
1:35:15	F	abc	10000
0:44:30	M	abc	
1:33:24	S	カタカナ	
2:10:46	G	漢字	
2:09:11	B	//	
0:24:42	Z	漢字	
1:55:35	R	\'_'	
0:20:08	N	abc	
1:35:41	K	\'_'	
1:41:10	H	ひらがな	
0:40:33	V	✒	
0:36:36	T	ひらがな	
0:05:17	X	ｚｅｎ	
1:53:02	D	//	
0:11:20	E	カタカナ	
1:02:04	Q	カタカナ	100
1:04:36	B	ひらがな	
0:54:05	G	漢字	
0:09:21	I	//	
0:51:33	R	ｚｅｎ	
0:06:12	M	//	
1:13:23	R	ひらがな	
1:31:16	H	漢字	
1:06:56	Z	✒	
2:05:17	P	漢字	500
2:16:33	W	漢字	
0:05:53	T	\'_'	
1:13:57	C	123	500
0:34:06	G	かな✒	
2:21:12	N	ｚｅｎ	
0:23:07	O	かな✒	
2:06:55	G	//	5000
0:50:36	D	ひらがな	
0:52:14	G	ｚｅｎ	1000
1:44:45	I	//	100
0:01:09	Z	\'_'	
2:02:10	A	カタカナ	
0:02:16	P	ひらがな	
0:23:27	I	かな✒	100
1:57:46	Y	123	
0:07:25	O	ひらがな	
1:19:06	Y	✒	
2:20:11	C	✒	
1:11:30	T	123	
2:17:59	Y	漢字	
0:23:52	Y	かな✒	
1:15:33	F	//	
1:08:06	J	漢字	200
1:30:59	T	\'_'	
2:12:55	P	123	
0:28:34	D	//	
1:38:41	Q	ひらがな	
2:00:06	U	漢字	
0:31:54	N	カタカナ	
0:13:29	C	\'_'	
2:16:12	O	漢字	
1:17:47	Y	✒	
2:09:14	O	abc	200
1:02:17	B	ｚｅｎ	
0:42:23	A	かな✒	
2:04:32	V	ひらがな	
0:32:38	B	123	
2:19:17	Z	ｚｅｎ	
0:05:01	F	123	
0:38:08	N	ｚｅｎ	1000
1:26:44	J	abc	1000
2:09:02	O	カタカナ	200
0:34:14	O	abc	
2:16:52	Z	カタカナ	
0:00:00	O	かな✒	
1:47:35	F	abc	200
1:11:55	N	ひらがな	
0:08:15	Y	ｚｅｎ	
2:10:01	Q	ひらがな	
1:53:41	N	かな✒	
0:02:45	A	カタカナ	200
1:48:02	T	漢字	
0:41:41	S	ｚｅｎ	
0:10:31	L	漢字	
1:38:40	R	ひらがな	
1:29:41	X	カタカナ	500
0:17:56	T	かな✒	
1:33:26	X	//	
0:05:59	D	漢字	100
0:59:42	O	漢字	
0:34:18	F	ひらがな	5000
1:44:40	I	abc	1000
2:14:18	I	123	
1:02:09	C	ｚｅｎ	100
0:41:35	Q	//	200
0:21:51	C	abc	
0:56:07	K	✒	
1:49:10	G	abc	
0:05:01	Y	ｚｅｎ	
0:00:34	E	\'_'	500
2:14:10	Q	//	
1:42:35	Y	//	
1:42:15	T	ひらがな	
0:41:55	D	123	
0:00:05	I	abc	
1:44:32	A	ひらがな	
0:33:07	H	漢字	
1:58:10	N	✒	
0:32:31	U	\'_'	200
1:50:55	Y	ひらがな	
0:23:13	P	//	
1:40:28	Y	✒	100
2:07:22	G	✒	
1:30:07	B	ｚｅｎ	
0:37:27	Q	カタカナ	
0:14:49	G	かな✒	2000
0:18:02	T	ｚｅｎ	
1:18:31	O	カタカナ	100
1:41:47	F	漢字	200
0:33:20	N	漢字	
0:43:24	S	漢字	
1:58:09	S	かな✒	
0:34:18	F	カタカナ	
2:01:28	W	✒	
1:16:35	O	✒	
2:13:24	K	漢字	100
1:41:04	A	//	
2:13:02	X	\'_'	
0:47:04	Y	ひらがな	
1:42:21	U	abc	
0:57:48	Y	ひらがな	200
0:35:32	U	カタカナ	
0:20:07	H	//	
1:54:51	U	123	
2:10:15	R	//	
0:59:41	Z	かな✒	
1:13:12	Z	//	
0:27:16	I	漢字	
1:14:17	U	//	
0:45:13	I	ひらがな	
2:05:07	P	\'_'	
1:51:03	A	123	
2:12:19	O	abc	
1:29:17	P	ｚｅｎ	
1:14:31	H	//	
0:42:52	W	かな✒	
0:04:11	T	abc	
2:09:39	R	カタカナ	
1:22:31	I	漢字	
0:21:08	Z	✒	
0:33:14	O	カタカナ	
0:02:43	F	ひらがな	
0:41:44	K	カタカナ	1000
1:26:56	S	abc	
0:28:09	E	ｚｅｎ	1000
1:06:17	A	カタカナ	
2:04:57	H	ｚｅｎ	
1:30:43	A	✒	100
0:41:41	U	\'_'	
2:03:58	U	漢字	
0:08:30	T	ｚｅｎ	
0:54:38	E	かな✒	200
0:57:57	V	//	
2:10:16	R	//	
2:11:59	L	カタカナ	
0:11:55	S	\'_'	
2:19:50	V	✒	
0:29:31	P	カタカナ	
1:56:12	Z	カタカナ	
0:03:56	J	123	
0:49:09	U	//	
1:06:59	V	abc	
0:08:45	F	//	
1:59:04	Y	カタカナ	
0:34:58	F	//	
0:42:23	X	abc	
1:52:29	G	ひらがな	
1:04:09	P	✒	
1:49:50	B	カタカナ	
1:20:31	F	ｚｅｎ	
1:16:51	D	✒	
1:14:24	J	123	
0:08:52	F	漢字	
1:01:50	M	漢字	
0:57:38	Z	abc	
0:47:49	Q	123	1000
0:43:15	V	かな✒	
1:28:46	O	//	
1:13:24	F	✒	
1:42:44	P	ひらがな	
0:03:55	C	ｚｅｎ	
0:07:40	J	✒	
1:30:26	W	//	
1:33:48	C	カタカナ	
0:04:16	X	ひらがな	
2:08:51	N	漢字	
2:09:26	P	カタカナ	
2:11:03	C	\'_'	500
0:24:32	Q	\'_'	100
0:15:28	V	ひらがな	
1:18:08	O	abc	1000
2:21:05	W	\'_'	
1:36:55	C	カタカナ	
0:48:00	A	123	500
0:43:38	X	ｚｅｎ	
0:22:22	F	\'_'	
1:31:20	F	漢字	200
0:43:20	L	ｚｅｎ	
0:27:30	U	ひらがな	1000
0:21:40	S	かな✒	
1:05:16	D	かな✒	
1:17:24	P	✒	
1:07:55	W	ひらがな	
2:04:48	V	ｚｅｎ	500
2:20:34	C	ひらがな	1000
1:31:12	Z	ｚｅｎ	
1:55:32	Q	漢字	
0:54:21	T	ｚｅｎ	
2:04:08	L	カタカナ	
1:27:44	P	abc	
1:10:50	V	abc	
2:16:07	L	//	
0:35:45	B	かな✒	
0:21:03	Y	かな✒	
1:05:15	E	123	1000
0:17:12	F	//	1000
1:48:45	M	カタカナ	
0:30:22	R	かな✒	
1:07:00	A	かな✒	
1:28:18	D	ｚｅｎ	
0:19:17	O	ひらがな	
1:00:11	S	abc	
2:07:01	Z	✒	
1:23:30	A	カタカナ	
0:10:10	R	123	100
1:21:05	R	abc	
1:32:47	M	123	
1:25:32	R	カタカナ	
1:58:58	D	漢字	
1:48:29	U	漢字	
0:12:44	V	✒	2000
0:25:16	W	漢字	
0:07:15	K	ひらがな	
2:15:26	D	ｚｅｎ	
1:26:59	U	ひらがな	
0:36:40	M	123	
1:38:37	Y	✒	
1:01:11	Y	漢字	
2:13:54	Z	abc	
1:23:05	P	かな✒	
0:02:21	A	✒	
1:38:53	D	ｚｅｎ	
1:32:53	A	ひらがな	100
1:01:44	Q	ひらがな	
0:34:01	V	abc	
1:46:09	O	ひらがな	100
1:15:21	X	カタカナ	
0:47:28	C	かな✒	2000
0:52:48	T	ひらがな	
1:30:26	W	漢字	
1:47:04	I	\'_'	
1:37:26	Q	ｚｅｎ	
1:39:47	B	✒	
0:22:58	O	abc	
1:48:41	L	//	10000
1:02:50	F	ひらがな	
0:33:11	P	かな✒	
0:22:18	V	✒	
2:21:35	M	✒	
0:08:20	F	\'_'	
2:23:27	T	abc	
1:04:53	A	カタカナ	
0:11:03	B	ｚｅｎ	
0:09:51	D	✒	
0:08:19	R	//	
1:56:48	J	カタカナ	
1:03:23	F	\'_'	
0:20:24	H	✒	
1:32:18	S	123	
2:21:10	B	ｚｅｎ	20000
0:35:25	Z	//	
2:06:04	W	\'_'	
0:34:14	H	ｚｅｎ	
1:25:54	L	漢字	
2:05:19	F	\'_'	
2:05:36	B	abc	
1:49:15	P	カタカナ	
0:33:59	E	ひらがな	1000
1:17:04	Z	//	
0:06:33	F	\'_'	
0:03:51	C	\'_'	
0:02:50	H	✒	
1:26:36	F	ｚｅｎ	
2:12:15	E	かな✒	200
1:57:34	W	カタカナ	500
0:40:16	U	//	
1:56:43	I	漢字	100
0:00:25	O	カタカナ	
0:47:34	S	ひらがな	
0:58:08	P	//	
0:16:55	P	123	
1:19:26	O	漢字	
0:14:47	K	ｚｅｎ	20000
0:15:02	M	ｚｅｎ	
0:56:45	V	ｚｅｎ	
0:44:14	C	123	
0:43:26	U	カタカナ	500
1:27:13	C	abc	
2:01:10	W	カタカナ	
2:19:28	L	abc	
1:20:35	R	//	
2:08:08	X	✒	
1:10:55	D	漢字	
0:21:41	U	ｚｅｎ	200
2:00:01	A	ひらがな	
0:41:11	X	ひらがな	
1:52:12	N	✒	500
1:12:41	H	abc	
1:27:48	Y	abc	
1:53:58	Y	✒	
2:11:01	H	//	
0:25:38	R	✒	
1:16:48	Y	✒	
0:05:16	E	ｚｅｎ	
0:15:41	J	✒	
1:09:13	J	ひらがな	
0:32:13	Y	abc	
0:51:31	F	//	
0:14:02	R	ひらがな	
0:05:30	P	ひらがな	
0:37:29	U	✒	
2:05:59	I	123	
1:31:02	L	ひらがな	
1:55:26	M	かな✒	
0:35:05	C	かな✒	
0:19:15	P	123	
1:07:26	U	ｚｅｎ	
1:15:19	V	カタカナ	
0:06:44	X	\'_'	
1:03:27	X	カタカナ	
1:25:25	G	漢字	
2:04:29	C	ｚｅｎ	100
0:37:29	Y	//	10000
1:53:49	M	漢字	100
1:00:20	Y	ひらがな	200
0:33:11	L	ひらがな	1000
2:07:51	J	ひらがな	
0:43:32	Y	\'_'	
1:56:28	F	漢字	
1:55:23	Y	123	
1:50:42	H	123	
0:49:23	E	ひらがな	
0:26:51	X	ひらがな	
2:11:35	U	abc	
0:54:01	L	カタカナ	
0:51:54	C	//	
0:46:45	O	123	
1:25:41	K	かな✒	
2:20:31	Q	ひらがな	
0:21:31	V	カタカナ	
1:29:25	E	カタカナ	
1:55:13	U	abc	
2:04:09	D	漢字	500
0:47:32	M	\'_'	
0:28:28	P	\'_'	
1:53:41	V	123	
1:51:06	I	漢字	100
0:42:16	U	漢字	
2:11:06	F	ｚｅｎ	
1:50:20	J	カタカナ	
2:11:36	P	123	
1:11:13	G	abc	
2:21:41	N	✒	
0:37:11	M	漢字	
1:26:03	I	abc	
0:32:01	W	カタカナ	
1:11:29	D	\'_'	
1:18:34	B	かな✒	500
1:15:06	T	✒	
1:54:55	Z	漢字	
0:48:32	N	123	
1:19:08	H	ひらがな	
1:02:02	N	\'_'	
1:43:10	B	漢字	500
0:16:39	R	ひらがな	
0:41:08	T	//	
2:00:40	U	ｚｅｎ	
2:09:59	H	ｚｅｎ	
2:10:47	P	\'_'	
0:29:26	H	✒	
0:25:51	O	カタカナ	
0:03:27	T	\'_'	100
1:46:05	B	かな✒	
0:39:15	I	漢字	
0:57:43	V	ｚｅｎ	
1:08:48	P	\'_'	
1:07:44	L	漢字	500
2:09:39	Q	カタカナ	
1:28:12	J	カタカナ	
1:01:24	L	かな✒	
0:26:37	N	ひらがな	100
1:18:52	P	abc	
0:28:58	H	漢字	5000
0:36:08	B	✒	100
2:05:11	H	✒	10000
1:46:25	K	カタカナ	
0:11:59	Z	かな✒	
1:56:18	Y	かな✒	200
0:00:58	D	漢字	
1:50:51	M	カタカナ	
0:21:38	I	abc	
0:01:20	N	//	100
1:27:25	C	漢字	200
0:11:35	F	//	
0:13:14	Y	ｚｅｎ	
0:29:29	K	ひらがな	
2:13:53	H	//	
1:06:21	G	123	
0:30:34	J	漢字	
1:11:29	A	\'_'	
0:00:50	M	123	
0:41:33	V	//	
0:45:54	J	✒	
1:35:40	F	abc	
1:21:23	Y	ｚｅｎ	
2:05:30	W	漢字	100
0:25:53	T	カタカナ	500
2:18:17	G	ｚｅｎ	
1:27:42	R	\'_'	
0:27:53	H	漢字	
2:20:51	S	ひらがな	
1:21:50	C	123	500
0:23:16	E	✒	
2:09:25	E	カタカナ	
0:13:19	E	123	
1:00:06	O	123	
2:06:46	C	\'_'	200
1:56:22	N	かな✒	
2:21:07	D	//	
0:18:25	B	ｚｅｎ	
1:55:06	B	ひらがな	
1:08:58	V	✒	
1:30:40	L	\'_'	
0:08:06	F	✒	
1:33:56	M	ｚｅｎ	
1:07:21	V	abc	
0:04:51	I	ひらがな	
1:02:51	F	かな✒	
0:18:58	B	カタカナ	
1:36:03	R	123	
0:45:37	H	123	
1:30:45	N	//	
1:18:30	B	123	
2:08:20	T	漢字	
1:56:58	R	123	
1:45:59	F	abc	200
1:13:51	R	かな✒	
0:19:00	E	✒	
1:22:51	Z	ひらがな	
0:55:20	T	123	
1:44:00	Z	ひらがな	
1:12:09	N	ｚｅｎ	
2:02:10	V	\'_'	
1:29:50	X	\'_'	
0:14:12	L	\'_'	
1:35:58	P	//	
1:44:03	B	ｚｅｎ	
2:13:23	W	ひらがな	
2:04:56	O	✒	
1:14:06	R	//	
0:27:14	G	\'_'	
0:50:35	C	abc	
0:35:31	O	123	
0:22:09	O	abc	
1:49:02	X	✒	
1:10:32	T	abc	
2:15:13	K	//	
1:10:29	B	漢字	
1:58:29	P	漢字	
1:23:45	V	カタカナ	
2:06:13	Y	\'_'	2000
1:00:24	F	ひらがな	
1:23:12	X	カタカナ	
0:06:35	I	\'_'	
1:46:41	D	漢字	
1:32:45	F	abc	
0:44:09	Q	カタカナ	
1:59:30	C	abc	
2:14:06	V	123	
0:48:52	S	ｚｅｎ	
0:01:04	Y	123	
0:06:03	M	//	100
0:41:49	M	ひらがな	
2:22:02	A	abc	
1:53:58	J	abc	
1:23:17	J	123	2000
1:04:53	U	abc	2000
2:19:08	C	✒	
0:35:50	C	abc	
1:41:42	W	abc	
2:09:48	W	カタカナ	
0:24:41	J	abc	100
2:08:45	E	\'_'	
1:11:52	K	ひらがな	
0:34:44	E	\'_'	
0:10:44	C	カタカナ	1000
2:19:28	C	ｚｅｎ	
1:47:56	J	//	
0:22:53	R	123	
0:01:47	S	123	100
1:54:15	C	ｚｅｎ	
0:29:17	Q	\'_'	
0:10:59	A	//	
0:38:11	Q	ｚｅｎ	
0:01:43	H	\'_'	
0:26:19	U	abc	
1:00:03	Y	かな✒	
1:51:22	U	かな✒	
1:37:39	S	✒	
1:18:42	I	かな✒	
0:20:43	B	//	
1:09:29	J	123	
0:19:56	H	//	
1:50:30	G	かな✒	
1:35:52	F	123	
1:05:26	R	ひらがな	
2:23:58	J	ｚｅｎ	
0:08:33	Y	\'_'	
2:23:13	A	✒	
0:14:38	B	\'_'	
1:21:23	Q	\'_'	
1:51:30	W	かな✒	
0:16:00	S	漢字	
0:35:08	Q	かな✒	
1:44:53	U	\'_'	
0:50:58	J	abc	
0:46:38	V	ｚｅｎ	
0:40:41	W	123	200
2:17:44	D	abc	
1:04:04	C	かな✒	
2:18:27	I	漢字	
2:05:56	N	\'_'	
1:46:26	V	漢字	
0:01:33	X	123	100
1:41:44	N	\'_'	
0:38:25	X	カタカナ	
1:20:38	X	かな✒	
0:19:22	O	abc	
0:28:56	V	ｚｅｎ	200
1:13:35	Y	✒	
1:32:28	J	かな✒	
1:05:07	Q	ｚｅｎ	
0:13:16	R	✒	
1:09:26	X	//	
1:10:29	B	ｚｅｎ	
1:55:28	K	✒	200
0:10:19	C	ｚｅｎ	
0:49:16	D	漢字	
1:56:48	R	漢字	
1:57:36	D	//	
1:05:37	J	漢字	
2:00:13	E	ｚｅｎ	
1:21:43	B	カタカナ	
0:13:15	U	//	
1:52:56	R	✒	2000
2:12:54	O	✒	
0:30:39	K	abc	200
0:32:19	N	\'_'	
2:14:04	W	//	
0:04:27	E	abc	
1:40:53	K	//	
1:52:04	U	123	
2:15:13	K	ｚｅｎ	
1:33:27	A	かな✒	
0:10:20	G	\'_'	
1:28:41	O	✒	
1:09:02	Q	漢字	200
0:14:03	G	かな✒	200
0:07:21	E	カタカナ	
2:19:51	Z	//	
0:13:08	C	✒	
1:55:19	Q	かな✒	
1:10:48	W	ひらがな	
2:07:58	D	123	
2:21:01	S	\'_'	
1:47:37	U	かな✒	
0:43:07	Z	ひらがな	
0:12:14	U	かな✒	
0:20:48	I	ひらがな	
0:02:29	Y	✒	
1:36:30	C	漢字	10000
1:31:26	I	ひらがな	
0:19:06	S	abc	
1:42:30	J	かな✒	
0:43:57	E	漢字	
0:48:03	N	ｚｅｎ	100
0:42:38	K	\'_'	
1:03:46	F	かな✒	
2:00:41	N	カタカナ	
0:14:36	A	\'_'	100
1:02:36	W	ｚｅｎ	
0:09:31	U	ひらがな	
1:15:59	F	ひらがな	
1:09:29	I	カタカナ	
1:45:19	V	abc	200
2:17:28	M	//	
1:54:20	R	かな✒	
1:17:27	D	\'_'	
0:20:29	O	かな✒	
0:16:54	D	✒	
0:50:47	V	かな✒	
2:18:19	N	漢字	
1:00:21	W	ひらがな	
0:59:01	P	123	
1:02:20	S	カタカナ	
1:34:28	Z	カタカナ	
0:59:06	M	かな✒	
0:19:23	X	漢字	
2:20:23	O	123	
1:34:57	F	カタカナ	
1:32:56	I	abc	
0:26:30	R	ｚｅｎ	
2:12:01	I	カタカナ	
0:50:56	H	abc	
1:31:05	E	漢字	
0:22:45	L	かな✒	
1:55:17	M	ｚｅｎ	
1:53:29	R	漢字	500
1:44:22	J	\'_'	
0:54:04	S	\'_'	1000
1:04:12	D	✒	
0:39:59	D	ひらがな	
1:28:41	C	abc	
1:52:49	S	ｚｅｎ	
1:59:08	U	abc	
0:04:38	V	✒	
1:19:40	D	ｚｅｎ	
1:52:05	R	ｚｅｎ	
2:02:17	Q	かな✒	
0:50:56	O	漢字	
1:40:59	C	//	
1:18:41	A	カタカナ	
0:56:47	O	123	
2:13:18	K	ひらがな	
0:29:13	W	かな✒	
1:28:53	M	✒	200
2:02:17	E	\'_'	
1:49:43	P	かな✒	
1:56:19	Y	\'_'	
1:32:14	U	ひらがな	
1:33:43	E	//	
0:51:26	L	//	
1:31:17	L	✒	
0:45:12	M	abc	5000
1:53:00	K	123	
0:36:06	T	漢字	
0:46:27	C	123	
2:19:09	I	//	
1:43:40	M	abc	
1:46:33	L	カタカナ	
0:39:55	V	漢字	200
2:09:36	L	ひらがな	
0:41:13	B	カタカナ	5000
0:20:33	C	\'_'	
1:24:02	M	漢字	200
0:36:53	P	✒	
1:22:19	A	漢字	
1:59:06	Q	\'_'	
0:25:09	A	\'_'	
0:10:00	E	//	
1:49:39	Y	✒	
0:30:34	Y	\'_'	
1:15:11	M	abc	
0:54:41	Y	✒	
2:18:22	I	123	
2:11:08	H	abc	100
0:18:38	Y	ｚｅｎ	200
1:28:56	Q	✒	
1:58:48	Z	abc	
2:16:55	Y	カタカナ	
1:34:54	I	かな✒	
1:51:21	S	//	20000
1:15:47	F	//	
1:32:29	J	abc	
2:03:14	E	ひらがな	
0:30:39	C	ひらがな	
2:07:40	S	123	
2:08:45	M	かな✒	
0:47:01	L	abc	1000
1:57:25	Q	✒	
0:13:09	Q	ひらがな	
0:56:42	K	\'_'	
1:36:37	F	abc	
0:18:08	K	//	
0:22:07	J	abc	100
1:50:47	V	//	
1:54:32	R	ひらがな	100
1:08:30	D	かな✒	
1:18:21	T	ひらがな	
0:27:35	P	\'_'	
1:21:44	V	✒	
1:03:33	K	カタカナ	
0:52:38	V	abc	
1:16:18	O	カタカナ	
0:11:05	D	\'_'	
1:14:56	T	abc	
0:18:04	J	\'_'	
1:30:13	Z	//	
1:49:39	F	\'_'	
0:12:54	Z	abc	
0:43:09	D	かな✒	1000
0:11:01	J	\'_'	
1:14:01	U	✒	
2:09:15	N	カタカナ	
0:43:03	G	✒	
1:16:02	O	漢字	
1:14:07	J	漢字	
0:40:57	Z	123	
1:17:32	I	\'_'	1000
0:32:34	X	カタカナ	
1:54:48	T	123	
0:14:23	D	ひらがな	
0:52:40	Y	かな✒	
0:58:48	U	abc	
0:58:18	M	ｚｅｎ	
1:52:14	U	✒	
0:08:57	G	かな✒	
1:58:41	B	//	
0:18:24	T	かな✒	
0:58:32	Q	カタカナ	100
0:32:09	L	//	
2:16:55	N	abc	
2:11:11	A	漢字	
0:12:03	J	ひらがな	
1:50:48	Q	かな✒	200
1:07:38	F	カタカナ	
0:25:31	J	カタカナ	
0:51:39	L	漢字	
0:46:31	F	かな✒	
1:25:42	A	かな✒	
0:23:36	W	123	1000
0:48:24	M	//	
0:04:02	O	//	
1:20:04	P	ひらがな	
1:45:32	W	\'_'	200
2:02:26	M	\'_'	500
0:23:02	V	\'_'	
0:58:25	U	カタカナ	
1:22:05	I	\'_'	
1:23:50	E	\'_'	100
0:27:35	J	\'_'	
0:57:25	B	ｚｅｎ	
0:20:35	B	ひらがな	
2:00:34	L	かな✒	1000
1:37:19	S	✒	
0:27:14	S	//	
1:47:19	Y	\'_'	
1:31:18	C	漢字	
0:53:01	J	かな✒	
1:10:22	H	//	
1:55:51	C	abc	
0:15:10	P	漢字	
2:12:12	V	abc	
1:28:22	M	ｚｅｎ	
0:22:50	R	カタカナ	
1:02:32	V	漢字	
1:03:48	W	ひらがな	
1:56:06	S	//	
0:38:53	Q	漢字	100
1:30:13	I	ｚｅｎ	
1:10:24	X	カタカナ	
0:50:41	W	ひらがな	
0:45:17	A	abc	
2:05:57	B	かな✒	
1:08:20	S	abc	
1:01:13	O	ひらがな	
0:05:15	G	\'_'	
1:37:51	O	//	
0:20:10	O	漢字	
0:31:31	H	かな✒	
0:03:48	P	ｚｅｎ	
0:08:04	C	abc	
0:50:05	T	123	
0:45:33	G	abc	
0:21:54	T	123	10000
0:09:42	T	ひらがな	
1:11:39	Y	//	
0:25:56	A	abc	
0:53:40	Q	ｚｅｎ	
0:52:35	M	カタカナ	200
1:59:00	E	ｚｅｎ	
0:39:45	T	ｚｅｎ	
0:46:05	D	漢字	
0:07:57	K	漢字	50000
1:20:45	M	123	
2:12:22	Z	かな✒	200
2:08:15	C	かな✒	
0:21:47	L	かな✒	
1:31:55	M	カタカナ	
0:10:21	L	✒	
2:09:03	K	ひらがな	
2:13:54	W	123	
1:01:26	W	✒	100
1:06:50	M	ｚｅｎ	200
0:55:24	R	✒	
1:53:55	S	//	500
2:14:03	M	かな✒	500
1:52:02	N	123	
2:06:50	Q	123	
0:17:58	F	//	
0:36:05	U	ひらがな	
1:06:54	X	ひらがな	
2:07:02	Q	abc	
0:52:07	X	ひらがな	500
1:25:10	U	\'_'	
2:11:55	K	漢字	
0:23:40	B	ｚｅｎ	
0:30:30	W	✒	
1:30:31	Q	漢字	
0:18:21	J	カタカナ	
0:49:03	N	ｚｅｎ	
0:13:53	C	abc	200
1:10:32	X	かな✒	
0:38:37	A	✒	
1:53:44	J	かな✒	
2:06:55	Z	✒	
2:19:39	A	カタカナ	
1:05:03	R	123	
2:10:39	Y	//	
0:20:52	U	カタカナ	
1:21:48	B	abc	
1:02:55	P	ひらがな	1000
0:30:46	N	かな✒	
1:55:55	R	カタカナ	
2:16:45	X	ｚｅｎ	
2:22:26	R	漢字	
1:25:50	P	//	
0:39:52	L	abc	
1:34:53	Y	//	
1:42:58	Z	カタカナ	
1:45:24	V	//	
0:56:16	Z	✒	
2:11:18	L	//	1000
1:19:47	N	漢字	
1:15:12	Q	かな✒	500
0:00:12	S	abc	
1:25:10	O	漢字	200
2:18:53	H	123	
1:49:44	R	//	
1:00:54	D	\'_'	
2:04:10	U	ｚｅｎ	
0:45:25	G	カタカナ	
2:16:35	B	ｚｅｎ	
1:49:46	Q	\'_'	
1:38:05	X	ひらがな	
2:23:46	P	かな✒	
2:13:15	S	abc	
1:58:02	Y	✒	500
2:02:24	Q	ｚｅｎ	
1:14:22	I	ひらがな	
1:53:07	X	✒	
0:55:13	M	かな✒	
0:26:53	P	ひらがな	500
1:12:23	B	123	
2:14:36	G	かな✒	
0:53:27	P	ひらがな	
2:08:56	O	ｚｅｎ	
1:58:32	W	\'_'	
0:14:07	Q	\'_'	
1:53:50	X	かな✒	5000
0:29:22	G	//	200
0:07:09	F	かな✒	
0:29:02	O	ひらがな	
0:37:39	S	abc	
2:21:20	B	漢字	
1:24:01	K	abc	
2:10:49	E	✒	
0:14:08	G	ｚｅｎ	
0:48:25	W	かな✒	
0:43:00	H	かな✒	
0:41:12	F	ひらがな	500
1:35:14	Z	ｚｅｎ	
2:10:24	J	漢字	
1:56:19	O	かな✒	
0:43:41	E	\'_'	
0:00:08	G	✒	
0:56:25	J	ｚｅｎ	
0:08:33	I	カタカナ	
2:20:10	P	abc	
2:19:42	X	\'_'	
0:20:29	B	123	
1:38:55	U	abc	
0:54:57	P	ｚｅｎ	
1:01:18	N	ｚｅｎ	
1:40:36	X	✒	200
2:12:37	V	123	100
0:54:17	M	✒	
0:34:47	Y	ひらがな	
0:52:03	K	ひらがな	
0:43:50	U	ｚｅｎ	
2:10:47	F	abc	
0:04:53	B	//	
2:18:36	Y	かな✒	
1:04:57	E	ひらがな	
1:58:00	V	abc	100
1:18:30	R	ｚｅｎ	
1:42:40	I	\'_'	
1:02:24	J	かな✒	
1:12:03	Q	ｚｅｎ	
2:23:52	X	ひらがな	
0:07:33	E	カタカナ	
1:22:17	Q	カタカナ	500
1:28:16	C	//	
1:19:13	F	かな✒	
2:02:35	N	漢字	
0:29:31	G	abc	
1:58:18	C	\'_'	
1:50:04	R	ひらがな	
1:06:30	V	//	
1:40:00	I	カタカナ	
0:02:43	G	//	1000
0:21:01	L	ｚｅｎ	
2:14:14	W	カタカナ	
0:05:47	T	カタカナ	
1:57:33	T	\'_'	
2:22:24	G	カタカナ	10000
1:29:36	I	漢字	
0:45:21	D	abc	500
1:00:00	V	かな✒	1000
0:08:29	W	✒	
1:42:25	P	abc	200
1:36:29	W	abc	
0:07:44	G	ひらがな	
0:35:02	C	かな✒	500
2:21:25	B	✒	
1:40:45	L	//	
0:12:26	A	abc	
1:44:24	M	✒	
1:07:37	J	abc	
0:44:51	R	ひらがな	
2:10:38	W	かな✒	
1:05:52	G	漢字	200
0:34:43	C	ひらがな	
0:53:41	W	ｚｅｎ	
1:48:50	C	ｚｅｎ	
1:25:28	T	かな✒	
1:36:21	Y	//	1000
1:59:06	V	漢字	
1:59:30	V	ｚｅｎ	100
0:08:47	K	\'_'	500
0:12:21	Z	\'_'	
0:49:21	V	✒	200
1:56:23	Z	\'_'	
1:19:34	H	\'_'	
0:29:02	Q	123	100
0:22:39	N	✒	
1:43:24	Y	123	
0:46:41	U	✒	
0:34:41	L	//	100
1:24:20	U	カタカナ	
1:48:45	A	カタカナ	
2:14:40	R	ひらがな	
2:17:52	C	ひらがな	
0:12:57	P	カタカナ	
0:29:18	N	✒	
2:05:12	K	ｚｅｎ	100
0:44:53	S	abc	
0:30:59	S	かな✒	
1:15:09	T	カタカナ	
0:39:57	L	ひらがな	200
0:23:17	O	abc	
0:21:13	F	\'_'	
1:47:40	K	ｚｅｎ	
0:28:22	T	✒	
0:23:55	I	ひらがな	100
2:11:11	T	カタカナ	
0:02:46	I	かな✒	
2:03:02	I	カタカナ	
2:17:00	J	//	
0:30:19	A	かな✒	
1:21:27	K	✒	
1:47:04	C	\'_'	
0:30:40	V	//	
0:16:22	P	✒	
1:06:31	T	abc	
1:57:17	S	//	
1:51:16	Z	漢字	
1:10:11	M	\'_'	
1:04:31	S	ｚｅｎ	
0:50:12	J	漢字	
0:13:00	D	カタカナ	
1:10:28	X	123	
1:04:27	Q	\'_'	
2:16:41	F	カタカナ	
0:31:30	R	カタカナ	
1:51:22	G	✒	
1:54:52	G	ひらがな	
1:18:31	C	abc	
1:07:41	T	かな✒	
0:19:34	I	かな✒	
0:48:58	V	ひらがな	
1:00:45	H	カタカナ	
0:23:43	A	abc	
1:31:20	D	//	
0:03:32	D	ｚｅｎ	
0:25:43	S	かな✒	
1:46:05	L	//	
2:14:31	I	ひらがな	
0:11:49	H	ひらがな	
1:39:51	E	ｚｅｎ	
1:00:21	M	✒	
2:19:38	J	ひらがな	
2:14:45	G	漢字	
0:46:50	D	//	
0:13:16	R	//	
0:09:20	U	ｚｅｎ	100
2:18:01	X	カタカナ	
1:31:42	L	abc	
2:03:16	K	ｚｅｎ	
2:12:12	Y	✒	50000
2:22:12	E	\'_'	
1:21:48	L	漢字	
0:14:37	B	✒	200
0:40:08	E	カタカナ	
2:12:21	N	//	
0:40:20	S	カタカナ	
0:25:28	M	abc	500
2:00:56	V	//	
1:38:09	W	123	
0:58:57	H	カタカナ	
0:38:46	C	カタカナ	
1:04:38	G	ひらがな	
1:14:39	P	かな✒	
0:56:03	I	✒	
0:40:19	S	ひらがな	
0:02:40	M	ひらがな	
1:23:17	Q	abc	
1:12:21	L	ひらがな	
0:21:46	G	ｚｅｎ	
1:33:08	G	\'_'	
0:17:29	D	//	
0:51:28	I	\'_'	200
2:05:07	A	カタカナ	
1:38:06	Z	カタカナ	100
0:18:46	Y	//	
2:16:18	C	かな✒	
2:05:08	T	ｚｅｎ	
0:09:23	U	✒	
2:15:05	V	\'_'	
1:13:57	P	ｚｅｎ	
1:22:49	B	✒	
1:32:21	K	漢字	
0:51:41	E	✒	
1:22:19	I	漢字	2000
0:33:53	K	ｚｅｎ	100
1:03:29	I	123	
1:36:48	J	\'_'	100
0:40:39	Y	ひらがな	1000
1:47:11	D	\'_'	
1:38:19	H	//	
1:56:07	Q	//	
0:39:01	H	漢字	
1:11:07	J	✒	
0:17:11	I	//	
0:14:16	N	カタカナ	
2:00:29	Z	ｚｅｎ	
2:04:36	F	123	
1:58:53	L	かな✒	
0:23:12	D	ひらがな	
0:49:35	U	カタカナ	
0:25:59	X	ｚｅｎ	100
1:03:18	W	漢字	2000
2:07:53	N	//	
0:37:59	M	\'_'	1000
0:44:05	G	\'_'	
2:15:06	Q	\'_'	
0:54:17	H	ひらがな	
0:11:03	R	✒	
2:14:50	O	✒	
2:21:49	X	123	
1:29:22	Z	ｚｅｎ	200
0:07:35	M	123	
0:21:45	V	123	
1:00:56	P	ｚｅｎ	
2:01:25	U	かな✒	
1:45:13	V	//	
0:55:28	N	ひらがな	
0:27:47	L	//	
1:14:08	C	ｚｅｎ	
1:16:39	E	abc	
0:23:17	F	123	
2:15:59	W	//	
2:02:29	J	abc	
1:28:36	O	abc	
1:25:40	N	\'_'	
1:43:57	O	abc	
0:37:05	J	ひらがな	100
0:56:23	V	ひらがな	500
0:43:17	J	//	
2:09:18	R	ひらがな	
1:50:29	F	\'_'	200
1:04:39	F	\'_'	1000
1:54:16	X	ｚｅｎ	
2:03:19	E	abc	
1:09:45	Q	漢字	
0:43:41	I	✒	
0:26:38	Q	カタカナ	
0:13:21	R	✒	200
1:27:06	X	かな✒	
0:58:20	C	漢字	
0:26:35	I	//	
0:17:56	C	123	
0:24:39	U	✒	
1:38:33	V	abc	
1:52:40	V	✒	
1:19:51	M	ひらがな	
1:23:47	F	ひらがな	
1:41:49	L	ひらがな	100
1:09:24	G	ひらがな	
0:56:10	R	ひらがな	
1:43:42	F	かな✒	
0:17:58	X	漢字	1000
0:13:28	P	✒	
2:06:15	P	ひらがな	
0:31:21	A	漢字	
1:11:28	T	漢字	100
0:27:38	I	123	
0:06:47	N	ひらがな	
0:30:08	X	abc	
2:18:18	R	✒	
0:43:42	H	\'_'	
0:44:17	Y	ひらがな	
0:18:21	E	ｚｅｎ	
1:31:11	H	ｚｅｎ	
0:10:12	N	//	
0:51:55	U	ひらがな	100
1:17:58	H	\'_'	500
1:56:48	S	漢字	2000
1:44:57	E	ひらがな	
0:38:44	F	\'_'	
2:13:59	A	漢字	
1:00:07	J	カタカナ	500
1:34:31	D	✒	
2:07:08	V	//	
0:30:44	R	かな✒	500
0:18:49	A	カタカナ	
1:57:51	X	123	
0:29:09	C	\'_'	
1:30:52	F	123	
1:07:17	P	abc	
1:04:00	X	123	
0:13:25	J	漢字	
0:12:35	S	漢字	
0:08:00	J	123	
2:18:14	G	123	
1:08:18	L	123	100
1:45:21	S	✒	
0:33:28	X	かな✒	200
0:06:47	X	abc	100
0:59:43	N	\'_'	1000
1:28:24	H	ｚｅｎ	100
1:47:20	C	//	
2:13:09	N	ひらがな	
1:47:14	S	\'_'	2000
2:00:46	O	カタカナ	
0:10:26	W	漢字	
2:03:28	M	かな✒	
0:47:41	Q	abc	100
2:12:57	S	✒	
0:26:29	T	✒	5000
0:15:12	S	//	
0:27:32	S	123	500
1:07:18	E	漢字	
0:10:42	Z	123	
0:32:02	T	123	
0:47:55	B	//	
1:10:20	B	かな✒	
0:40:18	S	\'_'	
1:19:14	T	123	
0:51:05	S	123	
0:40:10	F	✒	
1:35:30	L	✒	
0:38:58	I	ｚｅｎ	
2:20:00	O	ひらがな	1000
2:02:06	G	\'_'	1000
0:33:49	W	//	
1:02:49	O	ひらがな	
0:55:23	R	漢字	
0:50:31	M	abc	
2:04:26	L	abc	200
1:48:56	N	123	
2:08:22	E	漢字	
1:19:34	W	ひらがな	
1:37:45	L	かな✒	
0:26:52	V	ｚｅｎ	
1:32:59	G	カタカナ	
2:23:43	X	\'_'	200
0:38:31	X	✒	500
0:21:48	Q	//	
0:21:26	X	abc	
1:16:28	O	かな✒	
1:07:09	Z	✒	
1:26:22	L	123	
2:23:20	X	//	
1:44:54	F	かな✒	
1:16:09	R	\'_'	
1:28:40	T	漢字	
0:57:30	P	abc	
2:19:56	G	✒	
0:07:08	Z	漢字	
1:13:21	R	ひらがな	
1:59:33	T	abc	
2:02:30	F	かな✒	
0:17:00	H	123	100
0:21:20	Q	\'_'	
0:07:35	S	✒	
1:00:19	I	abc	
0:24:37	N	ｚｅｎ	
2:09:24	C	//	
0:18:03	M	abc	
2:05:07	B	漢字	
0:45:43	Q	✒	
0:02:23	C	//	
1:03:35	Y	かな✒	
2:14:08	H	漢字	
0:02:06	G	ｚｅｎ	
1:34:22	S	\'_'	
0:07:45	Y	✒	
1:01:42	W	ひらがな	100
2:02:07	Q	\'_'	
2:05:30	J	\'_'	
0:18:30	T	123	
2:04:42	R	ｚｅｎ	
0:17:57	W	\'_'	
1:58:04	H	123	1000
2:07:03	K	ｚｅｎ	
0:02:51	F	漢字	
0:59:47	R	\'_'	
2:03:45	T	かな✒	
1:34:29	G	abc	
1:57:01	C	漢字	
0:30:22	B	abc	
1:18:50	S	漢字	
0:27:53	O	\'_'	
1:14:09	H	ひらがな	
2:00:36	J	123	
0:24:04	U	ひらがな	
1:58:53	T	ひらがな	
1:46:27	H	123	
1:35:21	B	abc	
2:13:00	Z	カタカナ	
0:41:15	O	ｚｅｎ	2000
2:01:43	T	\'_'	
2:10:39	Z	かな✒	
1:59:02	B	//	
0:55:27	N	abc	5000
1:07:01	C	//	
1:41:26	M	カタカナ	
0:20:01	T	漢字	500
1:46:53	D	✒	
2:07:24	U	123	
0:35:07	H	123	100
1:11:50	J	カタカナ	
0:09:54	D	かな✒	
0:39:27	W	abc	
2:11:12	G	abc	
2:17:46	L	カタカナ	
1:50:12	K	ひらがな	200
1:54:42	S	カタカナ	
2:19:47	Y	ｚｅｎ	
0:34:11	H	カタカナ	
1:02:22	L	//	200
0:14:36	O	abc	1000
2:05:36	R	abc	
1:19:45	D	かな✒	
0:29:24	L	カタカナ	
2:16:48	Q	ｚｅｎ	
1:02:05	S	ひらがな	
0:07:25	A	123	
2:00:11	G	123	
2:12:18	L	123	
2:23:43	R	//	
0:32:34	C	ｚｅｎ	
0:37:24	Y	\'_'	
1:04:22	X	カタカナ	
0:19:15	G	abc	
1:24:24	D	カタカナ	100
2:19:50	Q	カタカナ	
1:49:07	N	ｚｅｎ	
2:11:36	G	✒	
2:00:50	D	漢字	500
1:01:25	W	ひらがな	
1:37:23	D	カタカナ	
2:06:46	Z	ひらがな	
1:59:04	O	abc	
2:16:19	Y	abc	
0:45:48	Y	ｚｅｎ	
0:13:14	Z	//	
0:29:02	L	abc	
1:20:45	X	漢字	
1:32:06	V	\'_'	5000
0:50:23	T	abc	
1:46:41	E	\'_'	
0:21:17	Q	abc	100
1:32:01	O	かな✒	
1:48:34	R	123	
1:35:41	T	漢字	
1:25:22	I	abc	
0:38:43	R	カタカナ	
0:28:17	P	\'_'	
0:52:59	B	123	
2:22:26	T	//	500
0:17:29	M	かな✒	
0:24:26	W	漢字	
0:50:08	S	ｚｅｎ	
1:07:40	Z	カタカナ	
0:19:01	T	123	
1:58:50	N	abc	
0:53:14	J	✒	
2:15:06	Z	漢字	
2:02:50	W	かな✒	
0:12:50	O	\'_'	100
0:37:29	N	漢字	200
2:19:25	S	//	
0:09:32	W	\'_'	200
0:11:37	A	✒	
1:08:12	R	123	100
1:45:51	Y	漢字	20000
0:41:44	U	カタカナ	
0:17:07	D	カタカナ	100
0:33:38	M	abc	
2:10:12	I	ｚｅｎ	
1:38:53	J	\'_'	
2:01:28	K	ｚｅｎ	
1:39:34	G	abc	
1:47:52	R	//	
1:07:11	A	//	
1:29:40	U	✒	
1:55:09	T	漢字	
0:18:44	Z	漢字	
1:34:52	S	\'_'	
1:55:08	P	\'_'	
0:01:59	K	かな✒	200
2:01:25	M	カタカナ	
1:23:24	J	abc	
1:53:09	W	ｚｅｎ	20000
0:22:40	J	✒	
1:27:33	L	✒	
1:33:55	Q	カタカナ	
0:04:16	Y	カタカナ	
1:34:56	Z	漢字	
0:26:10	M	ｚｅｎ	
0:08:17	T	かな✒	
1:25:55	J	\'_'	
0:24:04	C	\'_'	
0:34:28	O	//	
1:17:14	U	かな✒	
0:58:35	H	//	
1:44:53	O	123	
0:44:27	C	\'_'	
1:52:29	H	カタカナ	
0:20:56	W	✒	500
0:13:34	U	漢字	
0:50:53	C	abc	200
1:37:45	E	//	
0:28:39	C	ひらがな	2000
1:23:04	D	abc	
0:50:48	P	ｚｅｎ	100
1:52:22	P	//	200
0:27:46	U	ｚｅｎ	
0:51:18	X	//	
2:00:19	L	123	100
0:14:33	R	ｚｅｎ	200
0:10:13	P	✒	
0:10:44	S	✒	
1:58:03	P	✒	
1:10:57	L	カタカナ	
0:57:17	V	//	
0:00:06	L	ｚｅｎ	
0:46:25	N	abc	100
1:57:28	S	\'_'	1000
1:52:43	Z	\'_'	
0:44:29	Z	abc	
0:16:31	Y	かな✒	
1:56:22	S	カタカナ	
1:56:49	F	\'_'	100
0:13:51	N	//	
1:18:28	A	漢字	
1:04:34	H	//	
0:43:48	T	かな✒	1000
0:49:26	J	ひらがな	
0:42:11	E	123	
1:55:49	D	カタカナ	
1:02:50	J	//	500
1:32:21	Z	\'_'	
0:14:36	H	カタカナ	
0:27:32	O	abc	
1:32:09	S	ひらがな	
1:30:58	B	//	
1:02:59	R	かな✒	
0:26:08	L	カタカナ	
0:36:35	V	\'_'	
0:01:47	B	abc	
1:00:13	A	//	
1:54:38	D	abc	500
0:31:04	B	カタカナ	
1:34:14	J	ひらがな	
0:19:28	W	123	
1:07:20	F	ひらがな	500
1:44:37	C	abc	
1:55:13	W	123	
0:57:14	I	abc	
0:14:59	C	かな✒	
0:06:37	P	123	
1:13:49	L	カタカナ	100
0:29:37	P	ｚｅｎ	
1:56:57	L	\'_'	
0:23:17	V	カタカナ	
1:54:07	G	\'_'	
2:10:34	C	漢字	
2:12:19	I	\'_'	
1:07:46	U	123	
1:53:14	T	ｚｅｎ	
0:53:21	X	123	
0:07:25	H	\'_'	
0:18:11	N	\'_'	
0:02:52	K	123	1000
0:58:46	P	\'_'	
1:18:26	E	カタカナ	100
0:16:30	A	123	
0:26:28	X	ひらがな	
1:21:34	P	✒	
2:00:14	A	漢字	
0:51:12	H	漢字	
0:09:08	E	ｚｅｎ	
0:32:49	R	漢字	
0:47:48	R	ひらがな	
0:59:09	N	abc	2000
1:55:02	J	ひらがな	
0:44:42	A	abc	
1:20:58	F	\'_'	
1:50:49	U	123	1000
0:34:09	U	\'_'	
1:33:20	M	ｚｅｎ	
0:31:18	F	ひらがな	1000
1:03:31	V	カタカナ	
1:00:20	M	ひらがな	
0:11:59	O	\'_'	
1:02:56	J	//	
0:30:40	E	\'_'	
1:11:59	B	✒	
1:31:43	Z	//	
2:07:43	R	かな✒	
1:02:27	Y	カタカナ	100
2:01:10	T	ひらがな	5000
1:07:09	C	\'_'	
0:46:35	O	ひらがな	
1:31:17	K	漢字	
1:56:58	N	\'_'	100
0:35:28	F	漢字	
0:07:11	P	✒	
1:17:03	G	\'_'	
0:02:09	O	カタカナ	
0:04:40	D	ひらがな	
0:46:04	N	漢字	
1:28:05	U	//	100
0:19:49	C	ｚｅｎ	
0:09:09	Q	abc	
1:35:58	C	abc	
1:35:06	G	ｚｅｎ	
1:04:38	R	\'_'	
0:27:43	V	ｚｅｎ	
2:13:14	A	漢字	
0:42:35	V	//	
1:54:48	Y	123	
0:31:55	U	\'_'	
0:24:30	N	abc	
0:30:15	Q	123	
1:51:05	U	✒	
1:36:40	N	カタカナ	
1:08:01	T	//	2000
2:13:15	X	ｚｅｎ	
0:16:19	W	abc	
1:30:25	T	漢字	
0:06:35	J	123	
1:49:33	W	かな✒	
0:39:12	O	✒	
1:37:08	B	//	
0:29:55	K	ひらがな	
0:46:34	V	//	
1:26:07	L	123	
2:17:39	U	//	
2:02:33	T	123	
2:00:56	P	漢字	
1:34:25	D	カタカナ	
1:32:43	I	ひらがな	
2:02:35	J	ひらがな	
1:00:14	B	\'_'	
0:02:07	A	漢字	200
0:56:55	P	かな✒	100
0:09:01	A	ひらがな	
2:12:59	P	ｚｅｎ	
1:00:00	Z	漢字	
0:16:03	H	//	
1:36:00	Y	abc	500
2:20:17	O	カタカナ	
0:07:31	P	カタカナ	
0:41:35	Y	//	
1:00:32	I	123	
0:11:43	J	かな✒	
0:34:08	K	かな✒	
1:50:51	O	abc	
1:27:34	A	✒	
0:18:08	P	✒	
0:54:25	O	ｚｅｎ	
2:07:18	A	漢字	
2:08:04	O	漢字	
0:07:13	U	abc	200
1:18:44	E	\'_'	100
0:27:26	S	✒	
0:09:19	Z	//	
1:15:28	D	ｚｅｎ	
2:19:47	V	ｚｅｎ	
2:09:38	K	かな✒	1000
1:42:44	U	\'_'	
2:08:38	G	123	
1:37:01	X	かな✒	
2:13:57	I	//	
1:15:00	B	漢字	
2:09:43	K	123	500
1:34:54	P	abc	
2:03:33	H	abc	
1:46:40	Q	漢字	
0:03:33	E	\'_'	2000
1:40:59	Y	カタカナ	
0:15:09	S	//	
0:25:37	K	ひらがな	
1:20:47	H	//	
0:11:53	S	カタカナ	
1:08:03	E	カタカナ	
1:00:09	F	abc	
0:01:48	K	ひらがな	
0:57:27	G	✒	
2:13:52	F	//	
0:24:34	S	漢字	
1:18:18	D	123	
1:37:02	Y	漢字	100
0:23:34	X	123	
0:28:32	K	\'_'	
2:11:46	O	カタカナ	
1:49:46	H	ｚｅｎ	
0:24:47	C	カタカナ	
1:32:01	N	カタカナ	1000
0:58:40	B	カタカナ	
1:58:49	P	カタカナ	
1:28:12	O	//	500
0:05:18	Q	漢字	
2:00:34	I	123	
0:41:08	V	//	500
0:25:38	F	カタカナ	100
2:00:55	C	//	
0:49:50	M	漢字	100
1:53:07	I	ひらがな	
2:16:30	O	123	
0:47:10	C	abc	5000
0:56:41	X	123	
0:43:09	P	✒	
0:05:08	U	カタカナ	
0:07:46	Y	abc	
1:05:06	Y	カタカナ	500
1:42:52	N	abc	
2:05:19	A	abc	
1:47:21	T	カタカナ	100
0:09:16	D	//	
2:10:43	L	\'_'	
1:17:21	N	//	500
2:01:18	V	かな✒	
0:21:40	O	ｚｅｎ	
0:12:10	C	//	
2:16:48	F	✒	
0:04:40	D	かな✒	
0:15:21	O	✒	
1:34:59	J	かな✒	
0:15:16	N	ひらがな	200
1:43:25	C	✒	
1:45:49	L	abc	
2:22:16	F	カタカナ	
1:54:05	K	ひらがな	
0:00:13	U	123	100
2:00:43	U	カタカナ	
2:06:24	C	漢字	
0:19:24	T	\'_'	
1:43:19	W	\'_'	
2:11:54	N	ｚｅｎ	
0:01:18	H	//	
1:32:33	H	ｚｅｎ	
0:37:38	V	かな✒	200
1:07:17	Z	ひらがな	
0:32:04	R	123	
0:58:12	M	ひらがな	
2:03:01	F	✒	500
0:31:33	G	\'_'	
1:09:42	Y	カタカナ	
1:20:59	N	かな✒	
1:41:09	F	123	2000
0:39:01	E	abc	
1:19:49	G	ｚｅｎ	
1:06:42	Z	かな✒	
0:55:16	Z	\'_'	
0:06:30	Y	//	
0:01:38	E	\'_'	
1:03:18	M	かな✒	
0:07:53	C	漢字	
1:21:10	R	かな✒	100
0:49:21	X	カタカナ	
0:43:51	N	abc	200
2:09:32	Q	//	
1:10:38	D	//	2000
2:15:18	O	かな✒	
0:41:10	P	\'_'	
1:04:52	R	\'_'	
0:51:43	S	ｚｅｎ	
0:45:27	G	カタカナ	
0:05:04	P	//	
1:46:20	T	カタカナ	
2:20:55	W	123	500
1:14:28	N	かな✒	
0:48:56	B	//	
0:04:41	E	//	
0:55:59	Y	✒	
2:11:38	T	✒	
1:12:26	J	カタカナ	
2:17:14	S	漢字	
1:58:32	F	//	
2:14:39	T	ひらがな	
0:12:41	Z	ｚｅｎ	100
1:32:30	D	漢字	
1:28:45	P	abc	
0:31:57	X	abc	100
0:47:27	T	//	
0:17:38	O	abc	
1:48:00	C	カタカナ	
1:30:53	E	abc	
0:54:36	J	ｚｅｎ	
1:09:28	V	カタカナ	
0:11:09	T	漢字	
1:02:50	J	ｚｅｎ	
1:40:38	P	✒	100
1:17:15	S	漢字	
0:59:40	O	カタカナ	
0:41:04	L	カタカナ	
1:07:29	L	abc	
0:12:54	C	カタカナ	
0:16:46	E	abc	
0:34:05	J	ｚｅｎ	
2:20:31	J	//	200
1:46:43	H	かな✒	
2:20:13	S	カタカナ	
0:08:44	N	//	
0:42:17	G	abc	
2:18:24	P	\'_'	
1:59:29	P	123	
1:36:01	M	✒	
0:01:21	U	✒	
0:06:40	A	✒	
1:42:21	F	ひらがな	100
0:17:49	O	\'_'	500
1:01:59	U	//	
0:31:20	A	漢字	
2:06:22	E	ひらがな	500
0:11:41	U	ｚｅｎ	
1:41:14	U	カタカナ	
1:13:49	R	123	
1:31:05	O	漢字	
1:15:50	I	ひらがな	
1:24:57	T	abc	
2:12:59	N	\'_'	20000
0:08:46	H	漢字	10000
0:15:42	L	かな✒	
0:45:41	F	かな✒	100
1:02:51	H	ｚｅｎ	
0:00:16	L	ｚｅｎ	
1:16:02	Z	//	
0:47:14	Y	//	
1:55:30	R	かな✒	
0:55:54	L	✒	
1:45:54	A	漢字	
0:56:58	C	かな✒	
0:47:31	R	ｚｅｎ	
1:39:37	B	✒	
0:30:40	R	ｚｅｎ	2000
0:05:52	O	漢字	
0:44:08	I	カタカナ	100
0:24:19	L	123	
1:35:08	N	abc	
1:43:16	A	カタカナ	100
0:51:42	J	かな✒	
1:15:28	K	abc	
0:22:49	V	ｚｅｎ	
1:46:41	N	✒	
2:23:07	V	123	
1:28:42	D	123	
1:02:43	H	✒	
0:14:01	C	//	
0:17:05	F	//	
0:09:09	P	ｚｅｎ	
0:53:16	S	\'_'	
0:18:14	Q	ｚｅｎ	
0:13:45	P	✒	200
0:47:25	T	\'_'	
2:05:19	A	✒	
1:06:21	U	漢字	
1:37:07	P	123	
1:38:23	Z	\'_'	
0:14:01	H	カタカナ	
2:22:20	R	カタカナ	
0:54:36	Y	//	
2:00:52	I	かな✒	
1:57:23	G	//	200
1:03:32	Q	\'_'	
2:21:39	W	漢字	
1:30:58	P	漢字	
2:01:12	L	漢字	
0:07:17	P	ひらがな	
2:15:00	K	123	
0:21:40	D	abc	
0:50:12	G	漢字	
0:07:07	G	123	
1:16:13	M	//	
1:12:13	F	かな✒	
1:33:23	T	漢字	
0:20:18	I	かな✒	
1:31:26	R	123	
2:19:43	V	123	
0:11:39	Q	\'_'	
1:52:23	A	\'_'	
0:24:11	Z	//	
1:39:38	R	ひらがな	
2:16:37	S	//	
0:40:37	O	//	
0:18:12	S	//	
1:39:53	W	//	
1:03:47	B	//	
0:25:58	M	カタカナ	
0:07:00	S	abc	
0:32:17	N	✒	
1:37:15	T	漢字	
0:22:17	U	ｚｅｎ	200
1:24:34	C	✒	
0:20:47	L	//	
1:12:45	E	ひらがな	
2:15:48	E	abc	
1:16:45	P	abc	
0:46:09	G	ｚｅｎ	
1:44:38	R	123	100
1:36:27	E	ひらがな	
0:46:38	L	カタカナ	
0:41:03	E	ｚｅｎ	
0:50:22	W	かな✒	
2:05:44	T	漢字	
1:07:05	O	\'_'	
1:54:15	P	\'_'	
0:20:03	Z	漢字	100
0:01:26	V	//	
1:24:31	H	ｚｅｎ	
0:47:41	L	かな✒	20000
0:44:50	D	ｚｅｎ	
0:06:06	Z	漢字	
2:16:35	O	✒	
0:33:38	W	ひらがな	
1:27:11	F	カタカナ	
2:07:31	F	漢字	
0:08:12	G	カタカナ	
0:20:35	Z	\'_'	
2:10:20	O	✒	
2:08:42	P	123	100
2:19:02	L	カタカナ	
0:33:04	Q	✒	
0:54:53	R	abc	
1:01:37	H	ｚｅｎ	
0:34:19	B	カタカナ	
1:52:47	D	カタカナ	100
0:43:55	Q	//	100
1:21:39	B	かな✒	
0:11:26	G	\'_'	
0:57:26	K	//	
0:28:20	V	漢字	500
1:51:37	D	カタカナ	
0:03:27	J	123	
1:45:37	V	//	
1:04:42	X	//	
2:15:43	G	123	
1:04:20	R	✒	200
1:43:11	U	ｚｅｎ	
1:31:26	B	//	
1:29:46	U	//	
0:11:57	C	ひらがな	
2:12:16	T	漢字	
1:00:29	Q	✒	
0:13:22	K	//	
1:56:55	D	✒	200
1:44:15	E	漢字	
1:15:47	C	\'_'	
1:21:03	C	漢字	
2:00:44	X	ｚｅｎ	100
0:10:37	T	//	100
0:53:36	H	ひらがな	
0:08:15	N	\'_'	
1:20:19	T	ひらがな	
0:29:42	J	abc	
0:18:17	J	ひらがな	
1:55:22	X	123	
0:32:32	Y	abc	1000
1:17:08	X	カタカナ	
2:16:13	F	\'_'	
0:09:07	F	ｚｅｎ	
1:58:30	S	漢字	500
0:17:00	H	abc	
1:10:26	W	//	
0:13:01	M	123	
2:21:03	R	abc	
2:23:48	B	abc	200
0:50:07	S	かな✒	
1:16:42	L	ひらがな	5000
1:58:16	B	漢字	
1:07:31	T	abc	
2:16:27	J	ｚｅｎ	
1:42:41	Q	123	500
1:39:14	V	カタカナ	
1:02:31	W	ｚｅｎ	
2:20:16	M	カタカナ	
0:23:52	J	//	
2:19:36	U	abc	
1:58:21	Y	漢字	
1:20:43	V	ひらがな	
1:31:30	A	ｚｅｎ	
1:45:36	Z	かな✒	
1:38:06	L	ｚｅｎ	
1:26:00	H	abc	
0:03:09	R	\'_'	
0:51:30	F	✒	100
1:29:43	C	\'_'	
0:22:45	U	かな✒	200
1:59:08	B	ひらがな	
2:04:29	Q	\'_'	
2:13:13	T	✒	
1:19:21	Q	✒	
0:50:30	W	ｚｅｎ	
1:36:05	P	漢字	
1:30:17	B	123	
0:18:41	C	漢字	
2:09:53	B	123	
1:30:23	P	abc	
0:26:46	D	abc	
0:00:58	Q	カタカナ	
1:39:56	M	✒	
1:18:45	Y	//	
2:01:31	U	123	100
1:25:59	K	漢字	
1:21:04	G	123	
1:57:54	K	✒	100
1:39:16	C	123	
1:16:55	Y	ｚｅｎ	
1:48:20	F	漢字	
2:20:37	J	✒	
0:04:12	D	漢字	
0:18:23	N	ｚｅｎ	
1:12:52	W	ひらがな	
0:39:13	U	//	
1:43:29	T	ひらがな	
1:32:43	F	\'_'	
0:28:46	I	abc	
1:49:36	M	//	
2:09:49	E	123	100
0:23:10	I	ひらがな	
2:20:02	N	✒	
0:17:38	J	ひらがな	
0:55:01	Y	かな✒	
0:58:41	R	abc	200
0:38:13	F	ひらがな	
1:48:46	Q	abc	
0:44:03	Z	123	
2:05:52	K	//	
1:13:39	Y	かな✒	100
1:45:07	U	✒	
1:12:15	R	ひらがな	
0:58:46	U	abc	
0:08:26	Y	123	
0:18:23	X	\'_'	
1:03:58	K	abc	100
1:07:44	C	123	
1:27:50	C	//	
1:40:12	Y	かな✒	200
2:19:02	G	ひらがな	
0:55:41	O	abc	
0:30:12	D	\'_'	
0:25:34	H	abc	
1:09:02	C	カタカナ	
0:28:39	S	ｚｅｎ	
0:33:35	R	//	
0:03:54	D	\'_'	
2:02:35	O	\'_'	
1:11:21	E	漢字	
0:36:58	W	123	
1:32:04	R	\'_'	
2:05:10	O	//	
0:30:34	M	漢字	1000
1:02:58	W	カタカナ	
0:55:01	Q	\'_'	
1:44:41	N	\'_'	100
1:12:34	B	カタカナ	
1:33:11	I	✒	200
1:52:18	E	かな✒	
0:51:07	O	漢字	
1:52:59	Z	かな✒	
1:23:54	P	ひらがな	
0:54:36	C	//	
2:01:46	P	//	
1:52:09	T	abc	
1:09:00	W	ひらがな	
1:58:58	S	//	5000
1:01:47	P	ひらがな	
0:35:13	Z	ひらがな	
0:57:31	Y	漢字	1000
0:02:50	S	\'_'	
0:02:41	Y	abc	
0:39:30	Y	漢字	
1:10:56	X	ｚｅｎ	
1:31:08	R	//	
1:42:32	B	//	
0:10:28	I	//	
0:20:59	W	\'_'	
0:20:49	C	カタカナ	
0:39:19	N	かな✒	
0:46:37	C	123	
1:39:24	A	カタカナ	
1:29:25	B	✒	
0:38:52	P	✒	5000
0:15:56	C	漢字	
1:04:20	A	//	
2:14:21	O	漢字	
2:23:46	V	漢字	100
0:40:24	Q	\'_'	
2:12:25	G	ひらがな	
0:52:47	E	✒	
1:32:58	C	ｚｅｎ	
0:35:27	F	abc	
0:15:16	W	//	
1:47:53	J	✒	
1:52:05	Z	漢字	
1:30:34	R	✒	
0:59:51	K	abc	
2:09:27	I	abc	
2:09:44	X	abc	
1:39:30	Z	ひらがな	
0:24:25	Z	abc	
0:20:21	X	✒	
0:03:22	I	abc	
1:01:34	N	\'_'	
1:46:17	T	abc	500
0:19:55	Y	ひらがな	200
1:21:09	Q	ひらがな	500
0:04:46	C	\'_'	
2:00:13	Z	abc	
1:47:08	A	漢字	
2:17:04	C	ｚｅｎ	
0:54:06	L	かな✒	
1:31:13	R	漢字	100
0:55:47	G	ｚｅｎ	
1:50:34	A	かな✒	
0:49:22	B	カタカナ	
1:14:15	L	漢字	
0:19:15	S	✒	
2:16:05	U	ひらがな	
1:42:36	H	\'_'	
1:49:59	Z	カタカナ	
2:17:33	C	ひらがな	
0:42:55	U	カタカナ	2000
0:24:02	P	漢字	
0:10:46	Y	漢字	
2:20:51	O	漢字	
1:03:23	I	カタカナ	
0:57:59	U	ひらがな	
1:13:43	E	漢字	
1:24:41	S	ひらがな	
1:10:03	S	\'_'	
1:29:30	J	✒	
0:50:44	Y	カタカナ	
1:30:10	H	//	
1:27:01	Q	123	
1:48:29	R	123	
1:39:11	Z	abc	
0:22:34	C	✒	
1:42:42	H	漢字	
1:53:25	B	✒	
0:31:54	O	✒	200
1:40:38	Y	123	
2:06:16	I	カタカナ	
1:36:38	E	カタカナ	
0:53:05	R	ひらがな	
2:09:49	D	✒	
1:34:16	N	ひらがな	
1:18:17	W	ｚｅｎ	
0:59:10	D	かな✒	
1:42:19	A	✒	
0:54:24	C	✒	500
0:13:52	N	カタカナ	
1:46:28	Y	漢字	
1:04:12	X	ｚｅｎ	
1:34:46	J	漢字	
0:30:24	S	✒	
0:18:08	X	カタカナ	
1:16:18	V	\'_'	
2:09:21	R	かな✒	
0:45:18	S	漢字	
0:15:29	G	漢字	
1:44:54	I	漢字	1000
1:21:24	C	かな✒	
2:05:35	T	\'_'	500
2:13:47	S	\'_'	
0:16:53	S	✒	
0:35:59	S	//	
1:51:40	V	ｚｅｎ	
1:17:16	E	//	
1:43:12	D	ひらがな	
1:45:40	E	ひらがな	100
1:42:55	L	カタカナ	
1:03:49	I	//	
1:33:56	O	漢字	100
0:43:56	U	ｚｅｎ	
2:07:36	B	✒	
1:35:52	U	漢字	
0:07:21	N	ひらがな	200
0:54:08	Q	✒	
0:26:07	K	ひらがな	
0:51:28	Q	ｚｅｎ	
1:59:52	A	ひらがな	
2:21:02	V	abc	
1:27:37	S	abc	2000
0:58:35	K	カタカナ	
1:04:28	C	//	20000
0:10:26	M	ひらがな	
1:29:21	O	かな✒	
1:04:27	B	漢字	
1:20:54	Q	//	
0:55:23	O	\'_'	
0:17:57	S	漢字	500
0:19:53	A	かな✒	1000
0:13:30	Q	//	
0:00:44	B	✒	
1:01:35	V	123	
0:10:30	W	カタカナ	20000
0:43:59	Y	ひらがな	
2:21:49	O	123	
2:06:20	S	漢字	
2:13:37	C	ひらがな	
2:04:38	E	かな✒	1000
0:00:21	H	//	
2:12:57	W	カタカナ	
0:48:03	I	ｚｅｎ	
2:09:03	P	\'_'	
2:14:41	P	✒	
0:41:49	P	123	
1:04:42	Q	ひらがな	2000
1:48:03	F	\'_'	
1:02:12	M	//	
1:43:00	N	\'_'	
0:51:31	O	漢字	2000
0:05:40	M	✒	
0:50:59	L	漢字	
1:20:57	I	ひらがな	
0:28:18	B	\'_'	
0:08:56	M	ｚｅｎ	
2:22:16	F	\'_'	
1:10:03	G	abc	
1:23:28	G	ひらがな	
0:25:32	X	ｚｅｎ	
1:35:21	B	123	
2:03:46	Y	abc	
0:28:33	F	abc	
1:53:41	R	abc	
0:48:42	A	✒	
0:20:36	P	123	
0:49:34	O	漢字	500
1:30:59	N	ｚｅｎ	500
2:06:51	F	漢字	
2:05:59	C	ひらがな	
0:18:48	G	//	
0:06:16	Z	かな✒	100
0:35:26	H	123	
2:02:20	K	ひらがな	
1:47:47	L	//	
0:19:53	O	//	5000
1:18:39	R	ひらがな	
0:10:49	H	ｚｅｎ	
0:09:48	X	//	
1:34:48	Z	//	
0:33:21	T	123	
1:38:09	L	\'_'	
0:04:52	O	//	
0:44:50	R	ひらがな	
2:14:23	X	ｚｅｎ	
0:46:28	O	✒	
1:26:52	X	abc	
0:21:53	L	✒	
1:05:28	H	✒	
2:13:04	A	abc	
1:33:05	R	123	100
1:21:43	M	かな✒	
0:20:32	R	//	
2:23:11	K	\'_'	
0:42:45	G	abc	
2:13:31	F	123	
1:18:19	S	123	200
1:46:47	A	\'_'	
1:49:07	E	\'_'	100
2:02:21	Q	漢字	
1:44:43	X	\'_'	100
0:44:58	W	ひらがな	
2:16:53	L	//	
1:35:01	E	カタカナ	200
1:23:56	Z	123	500
1:05:18	W	カタカナ	
0:41:18	K	abc	
1:52:10	K	カタカナ	
1:00:18	F	漢字	
2:14:38	D	abc	
1:55:11	N	123	1000
1:49:19	M	abc	
1:23:27	D	ひらがな	
1:52:03	K	かな✒	
1:58:10	X	123	
0:31:37	U	//	
1:48:39	N	✒	
2:06:38	F	abc	
1:41:07	Q	//	
0:44:52	V	ひらがな	500
2:04:12	A	//	
1:38:13	Q	かな✒	
1:02:17	A	カタカナ	
1:36:30	X	ひらがな	
1:54:09	K	ｚｅｎ	
1:42:13	X	漢字	
1:40:18	I	//	
1:25:55	Z	かな✒	10000
1:44:21	A	カタカナ	100
1:57:36	B	漢字	
1:04:45	Z	漢字	
1:06:09	C	ｚｅｎ	500
1:55:25	E	漢字	
0:52:40	Z	\'_'	200
1:01:16	O	\'_'	
2:01:41	Y	ｚｅｎ	
2:11:29	Z	かな✒	
2:04:26	S	123	
0:10:40	T	123	
0:44:28	F	\'_'	
1:36:29	E	ひらがな	
2:11:13	O	漢字	
1:10:23	H	✒	
1:58:08	J	//	
0:32:32	C	カタカナ	
0:31:16	D	カタカナ	100
0:20:59	R	かな✒	
1:59:04	E	かな✒	
1:02:21	K	abc	
1:29:16	F	ｚｅｎ	
1:44:39	W	\'_'	
0:23:21	U	カタカナ	
0:55:34	B	ひらがな	
1:52:31	D	abc	
0:17:00	F	かな✒	
1:14:31	F	abc	
2:05:49	W	漢字	
1:24:05	R	✒	1000
1:44:28	P	ｚｅｎ	
1:55:51	R	漢字	
0:30:05	I	ｚｅｎ	2000
1:35:46	F	ひらがな	
0:26:35	A	ｚｅｎ	
0:08:42	O	かな✒	
0:22:58	U	//	
0:20:06	E	abc	500
0:11:27	W	abc	
2:15:25	Z	abc	
1:29:10	I	かな✒	
0:00:14	W	abc	
1:19:23	B	abc	
0:22:11	L	漢字	
0:54:43	T	漢字	
1:07:23	K	かな✒	
2:11:26	O	カタカナ	
1:09:02	K	かな✒	
0:39:19	C	漢字	
0:32:38	T	ひらがな	
0:59:42	Q	漢字	
1:37:19	B	かな✒	
2:05:05	N	\'_'	
1:54:57	Z	ｚｅｎ	
0:00:03	X	カタカナ	
0:40:36	Y	abc	
0:38:30	V	ひらがな	
1:59:16	P	✒	
1:00:24	N	abc	
1:49:08	L	✒	100
0:33:23	T	\'_'	2000
2:17:18	C	かな✒	
0:31:21	H	\'_'	
0:02:42	B	カタカナ	
1:57:39	W	\'_'	
2:22:28	U	123	
1:13:54	Q	カタカナ	
0:56:56	C	カタカナ	
1:46:29	S	かな✒	100
1:27:06	F	ｚｅｎ	
1:53:41	J	\'_'	
0:03:34	J	ひらがな	100
0:48:33	K	123	
2:06:39	N	abc	
1:32:52	B	カタカナ	
2:18:46	Y	//	
2:00:24	I	ひらがな	
1:51:13	B	ひらがな	500
0:02:37	V	カタカナ	
1:01:47	L	ひらがな	
0:38:24	O	ひらがな	2000
0:35:21	D	//	
0:30:38	N	//	
0:57:56	H	かな✒	
0:49:12	Z	abc	
1:03:01	Q	abc	
1:13:34	N	✒	
0:43:27	E	ひらがな	
0:54:34	F	123	
1:34:08	X	✒	
2:20:18	N	ｚｅｎ	
2:02:35	I	ひらがな	
1:13:16	O	✒	
0:09:45	M	ひらがな	
1:35:06	W	123	
1:03:25	A	//	100
1:10:37	U	//	
1:21:25	P	カタカナ	
1:56:57	P	\'_'	
0:51:27	A	//	
0:14:22	C	abc	
1:08:21	Q	かな✒	
0:58:37	J	カタカナ	
0:06:50	U	✒	
1:43:33	C	✒	
1:43:56	K	かな✒	
2:12:00	F	カタカナ	
0:46:39	Y	✒	100
2:21:27	U	123	
1:04:30	I	//	2000
0:47:31	T	カタカナ	
0:54:36	I	かな✒	500
1:55:23	M	かな✒	
1:51:19	I	ひらがな	
0:15:57	N	ひらがな	
2:17:23	F	ひらがな	
1:40:18	K	かな✒	1000
1:10:02	M	ひらがな	
1:31:59	E	✒	5000
0:04:22	K	ひらがな	
0:53:04	H	123	500
1:09:22	B	カタカナ	
1:09:53	Q	漢字	
1:18:26	T	123	
0:49:15	H	漢字	
0:27:58	F	ｚｅｎ	
0:49:45	H	カタカナ	
1:47:27	Z	//	100
0:33:26	W	abc	
1:31:46	C	ひらがな	
2:03:23	G	123	
1:04:35	L	abc	
2:03:14	Q	かな✒	
1:44:41	E	かな✒	
2:04:32	E	漢字	
0:11:57	N	かな✒	
2:14:00	D	abc	
1:06:51	H	漢字	
1:31:59	E	ｚｅｎ	
0:22:32	J	\'_'	
0:33:12	K	カタカナ	
0:13:34	S	\'_'	
0:27:48	Y	✒	
0:14:04	V	//	
2:06:11	C	かな✒	
2:02:07	K	123	
1:54:15	H	ひらがな	
0:53:02	G	\'_'	1000
1:09:52	J	かな✒	
2:13:46	Q	✒	
1:07:41	Y	かな✒	
2:12:01	Z	abc	
1:46:25	U	\'_'	
1:12:49	U	abc	
1:30:09	G	123	
0:46:40	V	カタカナ	
0:26:52	J	abc	
2:23:09	V	123	
1:28:05	X	漢字	
0:24:36	L	\'_'	
1:29:04	C	ひらがな	
0:14:15	H	カタカナ	
2:16:20	K	✒	
1:06:15	W	漢字	
0:16:20	Y	ｚｅｎ	
1:12:38	H	\'_'	
0:28:32	Z	ひらがな	
2:14:54	U	✒	
1:04:05	O	✒	
2:18:04	M	漢字	500
1:40:22	F	ひらがな	
2:03:17	D	123	
1:05:13	J	abc	
0:24:55	R	123	
1:25:54	L	ひらがな	
1:10:03	S	ｚｅｎ	
2:04:24	T	//	
2:15:07	X	かな✒	
1:34:26	N	\'_'	
0:33:21	Q	✒	
1:36:31	C	123	2000
0:47:23	P	//	
1:41:29	T	//	
1:57:06	B	かな✒	
2:11:56	T	123	
0:07:55	N	ｚｅｎ	
2:17:59	G	\'_'	
2:23:21	B	漢字	2000
0:40:11	T	漢字	
1:00:23	J	\'_'	
0:22:30	E	123	
0:09:35	E	かな✒	
1:41:39	D	✒	
1:44:52	I	漢字	
0:41:39	J	//	1000
1:28:21	Q	123	500
2:15:43	K	✒	100
2:05:49	D	\'_'	
0:11:47	K	ひらがな	
0:50:39	X	かな✒	
0:27:19	P	123	
0:57:57	R	ｚｅｎ	
2:00:13	P	かな✒	
1:07:03	N	abc	
0:10:42	E	ひらがな	100
0:12:08	P	123	100
2:19:25	M	//	
2:12:37	M	ｚｅｎ	
1:06:45	E	123	100
1:39:15	B	かな✒	
0:35:01	X	カタカナ	
0:34:26	M	漢字	500
2:17:43	Q	ｚｅｎ	
1:21:58	H	漢字	
0:50:30	C	123	500
1:42:10	O	✒	
1:36:32	L	abc	
0:13:32	K	かな✒	
0:51:24	D	かな✒	
0:56:47	J	//	
1:25:53	T	abc	
0:42:17	P	カタカナ	
1:38:09	Z	カタカナ	
0:22:38	E	ひらがな	
1:08:10	C	ひらがな	
1:13:06	J	ひらがな	
0:23:34	X	123	
2:16:30	N	ひらがな	
1:35:24	K	//	
0:43:15	X	123	
0:44:22	I	ひらがな	1000
0:28:19	S	漢字	
0:24:32	H	123	
0:47:44	Z	✒	
2:18:02	K	カタカナ	
1:38:48	F	✒	1000
0:36:56	U	abc	
2:17:38	C	\'_'	
1:15:28	V	//	
0:03:48	E	かな✒	
0:01:45	C	123	
2:20:15	Y	//	
1:31:40	W	かな✒	
0:41:18	N	かな✒	500
0:41:49	W	ｚｅｎ	
1:03:41	Q	カタカナ	100
1:20:58	S	カタカナ	
0:51:03	T	ｚｅｎ	
1:46:15	B	カタカナ	
0:52:54	R	漢字	1000
0:46:01	K	ｚｅｎ	
1:55:18	I	カタカナ	
0:28:15	M	漢字	
0:58:04	P	漢字	
0:05:59	M	abc	
1:52:44	H	✒	
1:27:41	J	ひらがな	
2:04:37	F	漢字	
0:35:41	E	漢字	
2:13:15	W	//	100
1:07:16	Z	ｚｅｎ	500
0:24:52	L	ひらがな	
1:33:00	W	abc	
0:56:12	S	漢字	
0:25:42	V	abc	
0:05:41	S	//	
0:16:25	K	✒	
1:24:54	K	漢字	
1:49:03	H	漢字	2000
2:00:44	H	カタカナ	
2:12:14	K	ひらがな	
2:12:24	A	かな✒	
0:08:33	K	✒	
1:16:35	G	ひらがな	
1:30:55	Q	\'_'	
0:01:40	Z	カタカナ	
0:29:14	S	✒	
2:23:24	V	漢字	
0:50:22	G	カタカナ	
2:04:46	V	\'_'	
1:44:30	P	\'_'	
1:03:59	Q	ひらがな	200
1:08:23	W	//	5000
1:36:03	C	ひらがな	
0:31:21	R	//	
2:00:10	R	カタカナ	
0:24:01	H	123	
0:14:17	B	ｚｅｎ	
1:41:16	D	ｚｅｎ	
1:48:56	V	カタカナ	
0:53:06	K	漢字	200
1:03:37	L	ひらがな	
0:41:14	N	123	
0:55:15	D	123	
1:53:28	W	漢字	
0:17:10	V	漢字	
0:28:24	X	//	
1:01:40	C	漢字	
0:45:33	N	abc	500
1:26:10	G	かな✒	
1:25:05	L	//	
1:35:55	U	123	
1:42:12	I	abc	
2:00:47	J	✒	
0:02:16	A	//	
0:42:37	K	ｚｅｎ	
0:22:29	D	\'_'	
0:14:26	X	//	
0:10:51	D	\'_'	
2:03:52	P	カタカナ	
1:35:01	E	カタカナ	
2:20:30	M	かな✒	
0:08:59	U	abc	
1:31:57	Y	漢字	
1:06:57	W	✒	
1:48:27	A	123	
1:49:33	L	abc	
1:21:29	D	123	
1:26:46	M	ｚｅｎ	
0:25:58	L	\'_'	200
1:43:36	E	ｚｅｎ	
0:42:45	P	123	
1:13:12	G	かな✒	
1:03:08	J	123	
2:09:56	R	漢字	
1:57:58	N	かな✒	
0:22:16	O	カタカナ	
0:05:30	G	✒	
1:47:45	Q	123	
1:12:37	Z	カタカナ	
0:45:27	A	漢字	
1:53:28	S	✒	
2:06:05	C	✒	
2:19:38	V	abc	
0:45:05	W	カタカナ	
1:57:29	A	かな✒	
1:02:59	D	✒	
0:06:04	U	123	
0:31:18	S	ｚｅｎ	
0:49:08	X	かな✒	
1:53:45	Q	カタカナ	
1:11:19	M	abc	
0:09:19	O	ひらがな	500
2:03:10	C	かな✒	1000
1:14:29	H	かな✒	
1:07:31	A	ｚｅｎ	
2:08:57	G	カタカナ	
2:21:24	P	//	
0:41:48	W	123	
1:21:23	D	\'_'	
0:14:20	X	//	
1:58:53	N	abc	
1:00:16	F	かな✒	
0:43:59	G	ｚｅｎ	
2:18:49	U	漢字	100
0:00:43	P	123	
2:13:18	Z	かな✒	200
1:19:53	B	漢字	
0:04:53	G	漢字	
2:13:56	D	\'_'	
0:46:43	W	ｚｅｎ	
2:15:04	Q	かな✒	
0:23:46	D	カタカナ	
0:13:33	Q	\'_'	20000
0:23:38	D	\'_'	
0:22:20	C	漢字	
1:06:24	I	//	
2:09:10	V	カタカナ	
0:44:51	F	ｚｅｎ	
1:23:54	N	abc	2000
0:27:42	W	abc	
1:01:55	Z	かな✒	
1:06:16	E	ｚｅｎ	
2:21:48	E	123	200
0:33:14	I	123	
1:04:59	K	abc	
2:13:23	Z	カタカナ	
1:31:10	U	ひらがな	
1:56:26	U	かな✒	
2:14:49	H	\'_'	
0:16:14	Z	\'_'	
0:32:38	B	\'_'	
0:33:34	H	123	
2:13:44	D	カタカナ	
0:40:33	G	\'_'	
1:06:19	F	//	
2:20:01	E	abc	
0:51:24	Y	\'_'	1000
1:54:38	K	カタカナ	100
0:50:00	I	123	200
1:50:40	E	ひらがな	
1:00:41	A	かな✒	
1:58:27	K	//	
0:55:13	N	//	
1:48:16	T	✒	
0:41:30	Z	//	
1:38:02	Q	かな✒	
0:33:30	L	ｚｅｎ	
0:25:52	A	カタカナ	200
0:34:52	Z	漢字	
1:41:12	W	abc	
0:04:56	D	abc	
2:19:31	S	ｚｅｎ	200
0:59:00	M	ｚｅｎ	
0:23:11	V	abc	
1:37:39	F	ひらがな	500
1:56:02	J	✒	200
1:13:27	E	✒	
1:14:19	F	abc	
1:01:23	C	✒	
1:28:43	R	\'_'	
2:08:35	N	漢字	
0:07:35	M	ひらがな	
1:53:03	J	//	
0:40:11	W	abc	
0:43:14	R	漢字	
1:06:19	B	かな✒	
0:08:22	R	ｚｅｎ	
0:24:07	S	abc	
1:11:55	H	//	
1:22:28	R	ｚｅｎ	500
2:15:24	G	漢字	
0:38:32	N	//	
0:20:37	F	ｚｅｎ	
0:38:49	V	//	
0:55:52	H	かな✒	
1:01:59	A	ひらがな	
1:35:54	W	かな✒	
0:29:00	H	✒	
0:33:26	K	ひらがな	
1:48:38	E	かな✒	1000
0:43:00	L	ｚｅｎ	
0:25:00	L	\'_'	
1:16:59	G	//	
1:54:54	O	漢字	
2:05:09	J	ｚｅｎ	
0:25:29	Q	123	
0:47:46	G	ｚｅｎ	100
1:06:36	L	漢字	
1:19:29	J	123	
2:09:37	U	かな✒	
0:50:59	G	\'_'	
1:29:48	E	漢字	2000
0:19:07	B	\'_'	
1:52:54	A	かな✒	
2:04:44	R	\'_'	500
0:09:11	X	abc	100
1:55:58	A	abc	100
1:39:47	Y	abc	
0:45:15	M	ひらがな	
0:51:15	N	//	100
1:02:08	K	漢字	
1:11:22	L	abc	
0:22:08	W	カタカナ	100
0:20:32	Z	カタカナ	
1:28:32	F	かな✒	
1:38:26	M	漢字	
1:20:33	P	ひらがな	
2:23:34	B	✒	
1:10:52	D	123	
2:02:06	A	かな✒	
0:34:10	E	\'_'	
0:35:18	M	123	100
2:06:11	W	✒	500
0:19:24	H	カタカナ	
1:29:33	W	漢字	
2:00:55	W	カタカナ	
0:21:13	J	カタカナ	
0:14:27	C	//	
0:52:23	R	ひらがな	
1:51:31	E	かな✒	
0:17:23	N	ひらがな	500
0:51:01	G	//	
0:47:17	J	✒	
0:04:06	G	かな✒	
1:27:44	V	ひらがな	
0:13:11	H	✒	
1:22:08	B	//	
0:55:09	Q	\'_'	
1:50:15	I	漢字	
0:50:40	B	カタカナ	
1:52:24	R	abc	100
1:07:00	B	//	
0:59:16	B	カタカナ	
0:26:23	V	ｚｅｎ	
2:11:59	R	かな✒	
0:54:31	I	漢字	
0:39:51	V	カタカナ	
1:48:53	V	abc	
1:48:15	W	漢字	
0:32:58	T	ｚｅｎ	
2:05:43	K	漢字	
1:54:32	C	ｚｅｎ	
2:02:08	G	✒	
0:52:33	U	abc	
0:27:25	F	ひらがな	
1:17:25	X	ｚｅｎ	
1:59:01	F	カタカナ	
0:37:02	K	123	2000
1:44:13	E	123	
1:46:32	L	ひらがな	
0:53:34	E	//	
1:46:03	H	✒	200
0:37:49	C	漢字	
0:23:39	Q	ひらがな	100
1:20:53	L	abc	
0:25:43	J	漢字	
0:52:16	F	カタカナ	
1:35:15	A	かな✒	
1:04:24	L	ひらがな	
0:18:44	G	漢字	
0:46:36	V	かな✒	
0:19:34	J	\'_'	
0:34:44	R	ひらがな	
1:41:05	X	✒	
0:59:29	V	ｚｅｎ	
0:49:58	I	かな✒	
1:06:36	O	\'_'	
2:09:05	J	✒	
0:10:25	V	ｚｅｎ	100
2:06:20	R	ひらがな	
0:13:50	N	ｚｅｎ	
1:40:18	B	ひらがな	
0:28:00	K	かな✒	
0:21:54	L	abc	
0:12:17	D	カタカナ	
0:13:14	I	\'_'	
0:53:05	J	漢字	
1:08:23	U	//	
0:58:34	C	漢字	
1:33:51	P	\'_'	
1:43:51	T	カタカナ	
0:02:33	U	ｚｅｎ	
1:40:37	N	漢字	
1:38:26	F	ｚｅｎ	
0:12:23	T	カタカナ	
0:36:47	Y	123	
0:12:43	N	//	
1:00:12	P	123	
1:46:13	U	✒	
1:10:39	E	abc	
0:03:11	U	✒	
1:13:00	X	ひらがな	
2:06:24	L	ひらがな	
2:07:26	M	かな✒	
1:40:20	K	かな✒	
2:15:19	O	//	
0:47:20	L	\'_'	
0:28:49	B	✒	500
0:48:51	N	✒	
1:16:00	P	カタカナ	
2:20:52	R	カタカナ	
1:14:11	M	カタカナ	
1:34:29	W	\'_'	1000
0:23:37	V	カタカナ	
2:02:03	O	123	
0:43:54	J	abc	
0:03:14	L	//	
0:41:49	N	漢字	
2:14:29	A	かな✒	
0:27:36	X	abc	
2:06:40	A	123	
1:39:42	K	かな✒	
0:26:41	T	abc	
2:01:01	Y	//	
0:22:19	Q	//	
1:31:13	H	かな✒	20000
1:21:16	H	//	
0:29:22	Q	\'_'	
1:12:05	D	//	
1:43:44	V	ひらがな	
1:36:30	X	漢字	
1:17:24	V	漢字	
0:26:14	S	かな✒	
1:26:33	X	\'_'	100
1:11:05	O	//	
0:53:49	G	//	
2:14:47	L	abc	
0:03:26	F	\'_'	
2:02:58	X	//	
1:09:36	I	abc	200
1:46:47	H	\'_'	
0:59:33	O	abc	
1:55:32	Q	abc	
1:48:27	D	\'_'	200
0:26:46	R	かな✒	
0:12:29	W	かな✒	
0:35:36	A	カタカナ	
1:33:19	W	ｚｅｎ	
1:06:50	A	漢字	100
2:03:00	J	123	
1:39:30	H	//	
1:08:56	X	abc	
1:07:44	W	かな✒	
1:10:59	R	123	
1:33:37	H	//	
1:38:41	Y	\'_'	
1:01:09	C	\'_'	
0:52:33	P	//	500
1:11:46	E	ｚｅｎ	
0:35:10	L	✒	
1:53:46	X	123	
2:01:27	J	abc	
0:29:10	Y	ひらがな	
1:32:11	B	カタカナ	
1:53:15	T	abc	500
1:56:40	O	ひらがな	
1:31:28	I	かな✒	
1:28:31	O	\'_'	
0:07:15	A	123	
1:09:40	V	ｚｅｎ	
1:56:51	R	\'_'	
0:41:40	C	123	
0:45:07	Q	abc	
2:05:00	I	カタカナ	
0:54:42	M	123	500
0:05:53	V	ひらがな	
0:43:14	S	ひらがな	100
2:02:31	G	\'_'	
1:38:39	V	✒	
0:07:57	P	✒	
1:21:52	T	ひらがな	
1:19:35	T	//	
2:18:22	W	ひらがな	
1:04:28	Y	ひらがな	
1:14:43	S	ｚｅｎ	
1:08:46	I	ｚｅｎ	
0:47:13	Q	かな✒	200
0:34:46	N	かな✒	
2:18:35	S	✒	
1:43:31	T	✒	
0:16:02	B	123	100
1:19:16	I	123	
0:45:50	V	ｚｅｎ	
0:51:42	T	カタカナ	
1:46:15	L	かな✒	
1:36:45	T	\'_'	
1:42:30	S	abc	
2:10:34	G	漢字	
1:15:59	V	ひらがな	
2:01:48	O	ひらがな	
0:13:27	N	123	
0:34:44	O	\'_'	
1:54:05	N	123	
0:54:16	W	123	
0:18:41	S	カタカナ	
0:28:49	O	123	
1:34:03	C	ひらがな	
2:19:42	Z	ひらがな	
0:36:38	L	//	
2:03:03	G	\'_'	
1:56:09	J	✒	
0:51:00	H	\'_'	
2:00:55	Y	\'_'	
0:54:50	J	カタカナ	
0:50:57	A	カタカナ	
0:09:41	M	abc	
2:10:22	U	漢字	
1:23:00	Q	\'_'	
1:39:51	L	//	
0:16:10	Y	ひらがな	
0:48:39	H	✒	
1:43:41	J	カタカナ	
0:18:05	S	漢字	
1:17:40	X	ｚｅｎ	
2:07:09	K	カタカナ	
2:10:28	I	ひらがな	
1:18:19	S	漢字	
1:52:53	K	カタカナ	100
0:36:47	C	\'_'	
1:25:30	B	abc	
0:35:01	T	123	
1:24:21	C	//	100
1:35:30	N	かな✒	
0:51:01	X	abc	
2:10:40	M	✒	
1:49:47	J	\'_'	
1:14:28	U	abc	
2:00:20	M	ｚｅｎ	100
1:31:11	F	abc	
0:43:37	R	//	
0:45:56	V	ひらがな	
1:48:33	W	\'_'	
2:20:03	Q	ひらがな	
1:37:43	J	abc	
1:58:18	L	✒	
0:38:37	M	カタカナ	
1:31:32	W	かな✒	
1:14:30	L	\'_'	100
1:06:00	A	✒	
1:09:32	P	\'_'	
1:29:02	Q	abc	
2:04:39	J	漢字	1000
2:14:32	M	\'_'	
0:43:57	U	ひらがな	
2:17:11	W	ひらがな	
0:18:06	W	ｚｅｎ	1000
0:23:55	P	123	
0:00:53	L	✒	
2:02:37	W	\'_'	
0:55:06	M	かな✒	
1:44:01	L	ひらがな	
0:11:04	F	abc	
0:18:05	E	\'_'	
0:59:35	V	\'_'	500
2:06:53	S	漢字	
0:01:24	E	ｚｅｎ	200
1:01:33	V	✒	200
1:06:33	P	ｚｅｎ	200
0:58:10	H	//	
0:25:05	R	カタカナ	
1:48:35	E	漢字	
0:13:01	I	123	1000
0:26:49	H	123	500
0:36:07	X	ひらがな	
1:35:15	H	かな✒	
2:22:23	V	カタカナ	
0:09:36	F	ひらがな	
1:35:27	C	//	
0:50:42	R	//	
1:25:15	Y	漢字	
0:21:24	X	漢字	
0:16:28	B	\'_'	100
2:11:24	J	abc	
0:12:13	N	✒	
0:37:18	B	✒	200
1:23:34	U	abc	
0:13:48	Z	123	
0:56:15	V	ひらがな	
2:02:51	E	abc	
1:59:45	Q	abc	100
1:44:05	K	✒	
2:21:15	B	✒	
2:23:29	G	abc	100
1:24:45	Q	かな✒	
0:23:45	J	ひらがな	500
2:11:48	V	123	
1:31:45	B	\'_'	
0:38:57	N	ひらがな	
1:48:59	S	ｚｅｎ	200
0:43:00	J	//	
0:46:28	X	ｚｅｎ	
0:33:05	U	✒	
1:55:19	I	漢字	
1:48:05	R	//	
2:06:51	E	ひらがな	
1:22:13	G	\'_'	
0:52:54	U	かな✒	
0:14:42	M	abc	
2:14:01	E	123	
2:06:00	I	ｚｅｎ	
1:53:56	L	ひらがな	
0:50:31	G	カタカナ	
2:05:56	A	abc	500
1:09:32	S	ｚｅｎ	
0:32:44	F	\'_'	
1:47:23	N	ひらがな	
1:06:12	S	漢字	
0:19:21	Z	\'_'	2000
1:01:07	C	//	100
0:55:24	W	かな✒	
1:20:08	M	ひらがな	
1:27:26	B	ｚｅｎ	
1:26:10	B	ｚｅｎ	500
1:41:32	X	✒	
1:42:47	Z	ひらがな	
1:06:31	R	123	
2:05:16	R	\'_'	
0:03:58	G	ひらがな	
1:57:21	Q	//	
1:34:56	P	ｚｅｎ	
0:48:58	A	//	
0:18:31	K	ひらがな	
1:56:45	K	ｚｅｎ	
1:59:17	M	カタカナ	
2:06:40	Q	ひらがな	
1:18:42	L	123	
0:49:53	S	//	
2:04:25	E	ｚｅｎ	
1:09:32	L	ひらがな	
2:06:52	Y	ひらがな	100
1:09:11	G	ｚｅｎ	
2:08:18	Z	//	100
1:18:23	F	漢字	
1:42:42	J	123	2000
1:18:10	S	abc	
1:15:27	D	\'_'	
0:32:10	T	\'_'	
1:14:58	F	\'_'	200
0:27:48	H	//	100
1:38:08	L	かな✒	
0:17:15	M	✒	100
2:15:10	O	//	
0:16:10	Y	//	
1:01:32	R	abc	
2:12:11	E	漢字	
0:19:47	Z	✒	
1:39:37	H	ひらがな	
2:05:50	V	漢字	
1:58:44	V	ひらがな	
1:12:28	U	ｚｅｎ	
0:20:41	Z	\'_'	5000
0:42:11	X	abc	
2:22:11	E	\'_'	
0:31:00	B	abc	
2:20:29	V	123	
1:42:37	R	123	
1:53:00	G	ｚｅｎ	
0:12:03	W	\'_'	
0:04:38	I	ひらがな	
1:25:35	A	かな✒	
1:12:10	N	123	
1:31:24	R	かな✒	
2:07:51	T	かな✒	
0:58:32	A	カタカナ	
1:51:37	S	ひらがな	
0:05:59	T	//	200
0:55:38	L	abc	
1:51:01	S	//	200
2:02:17	P	ひらがな	
0:32:04	Z	漢字	1000
0:13:03	C	abc	
1:10:26	J	123	100
0:13:02	J	漢字	100
2:16:53	D	かな✒	
2:22:26	P	\'_'	
1:04:54	D	漢字	
0:03:19	T	✒	
2:00:42	K	かな✒	
2:01:28	V	カタカナ	1000
0:14:17	M	✒	
1:07:59	S	abc	1000
1:52:01	L	漢字	
1:03:47	P	✒	
0:42:11	N	123	
1:15:01	Z	ｚｅｎ	
0:36:13	E	//	
1:59:58	U	かな✒	
1:44:27	N	123	
1:18:02	E	\'_'	
1:02:19	V	\'_'	
0:47:59	J	\'_'	100
1:21:38	S	かな✒	
0:38:33	C	abc	
1:42:54	I	123	
2:04:32	R	\'_'	1000
0:05:03	K	カタカナ	
1:36:52	W	ひらがな	
0:33:45	Y	\'_'	
0:18:48	L	かな✒	
0:35:20	Y	\'_'	
1:43:17	I	abc	
0:01:12	S	123	
1:58:47	W	ｚｅｎ	
1:19:23	C	漢字	
2:06:09	Z	✒	
0:37:31	R	abc	
2:07:25	S	カタカナ	
2:20:46	U	123	
0:41:01	X	//	
0:08:09	C	✒	
2:08:56	E	123	5000
1:45:37	A	abc	
0:35:05	R	ｚｅｎ	
1:17:28	F	かな✒	
1:25:23	Q	漢字	
0:22:29	I	ｚｅｎ	
2:11:34	L	//	
2:19:35	L	✒	
0:14:05	C	ひらがな	2000
0:32:42	W	ひらがな	
1:18:43	N	123	
1:54:00	B	かな✒	
0:00:18	K	\'_'	
0:45:06	R	漢字	
0:39:46	J	✒	200
1:16:49	P	✒	
0:33:21	T	123	1000
0:47:26	I	ｚｅｎ	
2:05:47	I	ひらがな	500
0:01:32	G	漢字	
1:20:41	D	ｚｅｎ	
0:13:41	P	ひらがな	
2:14:14	K	ひらがな	
0:26:58	T	123	
2:22:32	M	\'_'	
2:21:11	F	123	
2:20:40	H	//	
0:16:12	P	✒	
1:40:34	Y	カタカナ	
0:51:34	S	ひらがな	
1:31:02	C	abc	200
0:57:46	W	ひらがな	
1:34:58	Q	\'_'	
2:06:57	T	カタカナ	
0:58:56	A	ｚｅｎ	
0:05:10	N	abc	
2:15:00	D	漢字	
0:44:16	H	✒	
1:43:15	R	ｚｅｎ	
0:51:03	B	//	
1:08:51	H	123	
0:07:01	V	漢字	100
0:12:22	W	123	
1:44:54	N	123	
1:47:27	J	123	20000
0:34:32	Y	ひらがな	
0:07:33	Y	✒	
0:27:46	J	//	
1:24:10	V	✒	
1:29:15	R	ｚｅｎ	
1:20:12	P	漢字	
1:27:12	S	かな✒	
1:42:20	M	123	
0:41:42	G	かな✒	
0:44:15	L	かな✒	100
1:03:58	C	123	
0:52:32	H	ひらがな	
1:11:51	P	abc	
1:59:18	V	✒	1000
2:04:48	F	123	
2:17:41	Y	abc	
1:03:22	H	✒	
0:36:38	A	\'_'	
0:03:12	V	カタカナ	
1:31:20	E	\'_'	
1:55:04	Q	カタカナ	
2:23:03	J	カタカナ	
1:12:32	S	ｚｅｎ	
1:25:16	H	漢字	
0:06:58	I	カタカナ	
0:59:16	J	かな✒	
0:37:57	V	漢字	
2:07:58	D	abc	
0:46:12	L	//	
1:38:31	H	\'_'	
0:53:20	D	\'_'	100
0:48:04	Z	漢字	1000
1:34:58	N	ひらがな	
1:01:59	P	ひらがな	
2:14:26	E	123	
0:14:18	Q	//	
1:33:48	O	カタカナ	
0:39:31	L	//	
1:20:33	A	✒	
1:11:29	E	✒	
0:47:09	H	//	2000
1:02:46	R	abc	
1:14:14	J	かな✒	
0:02:16	F	カタカナ	1000
0:50:36	W	✒	
0:12:29	M	✒	
0:34:45	L	123	
2:18:10	L	ｚｅｎ	
1:26:02	P	ひらがな	
2:23:29	L	123	
1:33:45	B	かな✒	
0:25:03	V	//	100
0:49:02	P	漢字	
0:20:26	M	ひらがな	
1:12:46	Z	かな✒	
1:25:13	X	\'_'	
2:12:36	J	123	
0:40:10	X	ｚｅｎ	
0:10:28	M	123	100
1:57:02	K	✒	
1:17:21	T	ｚｅｎ	
0:34:13	N	abc	
2:09:43	U	漢字	
1:27:18	K	\'_'	
0:03:51	A	//	
2:13:05	J	ｚｅｎ	
1:25:54	U	//	200
0:43:32	R	\'_'	
0:10:47	Z	漢字	
0:07:32	B	カタカナ	
1:22:54	Z	かな✒	
2:14:08	R	ひらがな	2000
0:06:02	F	//	200
2:21:34	J	//	2000
0:38:54	X	漢字	
2:20:05	R	ひらがな	
1:56:47	B	ひらがな	
2:12:23	T	abc	
1:09:14	T	//	
1:26:06	G	ひらがな	
1:59:22	P	abc	
0:00:32	T	かな✒	200
0:09:38	F	かな✒	
2:23:22	U	✒	
0:06:47	Z	✒	
0:00:21	R	abc	
0:33:27	A	\'_'	
1:46:54	Q	ｚｅｎ	
1:49:14	K	ｚｅｎ	
2:08:56	B	ｚｅｎ	
1:18:18	P	\'_'	
1:17:04	F	abc	
0:15:09	Q	\'_'	1000
0:10:00	Q	ｚｅｎ	
2:06:47	V	//	5000
0:57:22	G	✒	
0:03:17	T	//	
0:55:30	N	漢字	
2:01:46	E	123	
0:26:11	I	\'_'	
1:03:03	I	ひらがな	
0:14:54	L	ひらがな	
1:23:58	D	ひらがな	
0:32:50	D	漢字	
0:49:32	P	漢字	
1:58:21	I	漢字	
0:17:15	Z	ｚｅｎ	
1:55:07	L	✒	
1:33:56	H	ひらがな	
1:43:52	S	カタカナ	100
1:07:33	P	ｚｅｎ	
1:37:38	H	\'_'	
2:09:57	I	//	
1:22:02	S	ｚｅｎ	
2:16:10	V	abc	
1:30:25	Q	123	500
1:59:11	B	\'_'	
0:05:07	B	123	
1:47:08	I	abc	
0:55:58	J	\'_'	
0:41:10	F	abc	
0:06:40	Y	\'_'	
0:02:20	E	\'_'	
1:12:47	O	かな✒	100
1:59:03	P	//	100
0:58:13	A	カタカナ	
1:48:48	A	123	
1:25:14	A	漢字	200
0:11:55	G	123	
2:00:41	V	//	
2:16:33	G	123	
1:32:32	V	ｚｅｎ	
1:41:02	V	✒	
0:36:37	K	漢字	
2:01:09	E	ｚｅｎ	
1:26:52	I	✒	
0:12:59	J	✒	
1:50:16	K	✒	
1:31:16	G	abc	
0:32:56	C	漢字	
2:08:34	B	✒	
0:54:43	Y	abc	
1:20:01	M	ｚｅｎ	
0:01:21	F	✒	
2:18:39	X	かな✒	
1:28:13	C	漢字	
2:21:31	X	//	
0:22:04	X	カタカナ	
1:10:30	X	かな✒	
0:56:50	G	//	20000
0:03:48	U	✒	
0:37:09	P	\'_'	
2:20:58	H	カタカナ	200
2:08:50	B	かな✒	
1:34:11	F	//	
1:27:48	A	//	
0:45:48	P	✒	
1:43:26	W	\'_'	
0:42:27	Z	ひらがな	5000
0:37:51	G	abc	
0:29:20	X	123	
1:22:00	A	123	
0:53:13	O	\'_'	1000
1:44:44	W	//	500
0:09:43	Y	ひらがな	
0:52:34	I	\'_'	500
0:55:40	K	かな✒	
2:21:33	E	123	200
1:01:21	S	✒	
1:09:00	I	カタカナ	100
1:45:25	W	カタカナ	500
0:13:17	N	\'_'	200
0:20:39	C	✒	
1:37:20	E	カタカナ	
1:49:33	P	123	
2:16:43	N	abc	
1:12:34	X	✒	
0:15:45	A	ひらがな	
1:25:15	I	✒	
1:47:24	P	カタカナ	
2:21:42	P	ひらがな	
0:03:32	U	123	
0:30:33	W	abc	
1:04:20	C	\'_'	5000
2:16:51	X	ひらがな	
1:40:16	J	\'_'	
0:05:05	K	ひらがな	
0:37:21	B	カタカナ	
1:17:50	A	ｚｅｎ	500
0:14:19	J	ひらがな	
2:17:38	N	✒	
1:41:40	Y	\'_'	
1:23:59	S	ひらがな	
0:14:58	M	ひらがな	
1:03:44	Q	\'_'	
0:47:10	T	ｚｅｎ	
0:49:36	J	123	
0:45:44	X	abc	
2:19:20	Y	\'_'	
1:50:15	T	✒	100
2:21:09	J	abc	
0:20:08	A	漢字	
2:05:12	X	//	2000
2:04:54	J	漢字	
0:20:50	U	123	
1:05:58	I	かな✒	
0:17:23	X	ひらがな	
1:26:41	V	123	
2:11:04	V	かな✒	
0:47:24	O	✒	
1:41:51	H	ｚｅｎ	
2:05:27	O	カタカナ	
1:33:58	J	123	
0:18:10	U	漢字	
0:54:10	V	\'_'	2000
0:31:58	T	abc	
2:17:26	K	ひらがな	500
1:48:15	T	かな✒	2000
1:16:32	H	abc	
2:14:13	I	かな✒	
0:07:50	X	abc	
1:43:49	Q	123	
2:10:08	B	//	
0:37:19	V	漢字	
0:43:45	M	ｚｅｎ	
1:45:45	M	ひらがな	
0:18:08	P	ｚｅｎ	
2:16:03	K	123	
1:40:29	G	//	
0:01:09	P	//	100
0:24:01	R	ｚｅｎ	
2:14:25	C	123	
2:03:41	E	//	
1:24:33	I	123	
0:40:54	U	カタカナ	
0:59:04	T	\'_'	
0:53:07	A	abc	
1:23:37	K	abc	
1:28:31	Q	//	
2:16:40	L	//	200
1:51:54	X	\'_'	
1:55:17	N	✒	100
0:51:55	J	かな✒	
1:23:31	T	カタカナ	
1:13:36	M	123	
1:14:36	H	//	
0:29:49	G	123	
0:44:00	O	ひらがな	
1:57:44	A	\'_'	200
2:06:58	E	カタカナ	
1:45:31	X	漢字	
0:15:23	Y	\'_'	
0:28:47	H	123	
0:31:35	O	\'_'	
0:19:07	X	123	
2:17:52	N	abc	
0:05:32	A	ｚｅｎ	100
1:50:30	O	漢字	
0:52:30	M	\'_'	200
1:47:25	T	✒	
1:15:11	X	かな✒	200
0:36:01	T	ひらがな	
0:12:04	R	ｚｅｎ	
1:15:15	K	123	
1:21:29	V	漢字	
2:20:37	N	abc	
1:56:42	V	ｚｅｎ	500
2:08:41	X	abc	20000
0:19:22	I	ひらがな	
2:12:16	F	かな✒	
1:24:47	C	かな✒	
1:39:38	J	abc	
0:10:08	E	ｚｅｎ	
1:07:41	F	漢字	
0:46:59	H	abc	
1:36:00	L	かな✒	
0:05:05	O	ｚｅｎ	
0:55:20	D	abc	
0:42:53	U	abc	
1:09:17	G	✒	2000
1:39:52	X	ひらがな	200
1:11:25	L	abc	
1:51:13	A	かな✒	
0:07:10	Q	\'_'	
0:18:33	D	abc	
1:32:55	T	カタカナ	
1:36:10	Z	ｚｅｎ	100
2:13:08	D	abc	
2:16:43	V	漢字	
0:20:25	O	ｚｅｎ	500
1:11:35	K	✒	
1:53:42	Z	✒	
0:50:54	N	✒	
2:05:41	E	//	
1:56:23	T	ひらがな	1000
0:49:24	V	ひらがな	
0:52:15	A	\'_'	
1:15:05	J	かな✒	
1:28:27	W	123	
1:07:55	G	カタカナ	
0:06:21	Y	ひらがな	1000
2:23:04	B	ひらがな	
0:37:15	W	\'_'	200
0:03:41	T	カタカナ	200
0:29:13	P	\'_'	
1:04:44	E	ｚｅｎ	
2:17:18	W	ひらがな	
1:58:26	J	abc	
2:06:07	F	カタカナ	
0:38:52	G	123	
0:38:11	R	\'_'	
1:54:27	D	abc	
0:47:38	F	//	
1:02:33	O	//	
2:21:19	J	\'_'	500
0:00:54	P	漢字	
1:16:54	X	\'_'	200
1:07:55	A	漢字	
0:03:54	K	//	
0:36:56	S	//	
1:39:54	V	//	
0:35:30	U	abc	200
0:25:54	C	カタカナ	
0:00:53	L	漢字	
1:24:33	R	abc	
1:41:15	P	abc	100
1:44:43	S	//	
1:31:31	X	//	
1:40:16	I	カタカナ	
0:40:35	Y	ひらがな	
1:51:05	G	かな✒	100
1:56:31	V	カタカナ	
0:29:53	I	//	
0:04:26	Q	abc	
0:51:02	Y	カタカナ	100
0:33:58	C	ひらがな	
0:19:37	Y	✒	
2:03:35	J	\'_'	
2:16:47	G	かな✒	200
0:44:09	Z	ｚｅｎ	
0:26:12	T	\'_'	
2:21:47	K	\'_'	
0:31:05	H	漢字	
1:41:35	H	123	
0:48:06	A	//	
1:47:45	F	\'_'	200
1:46:50	C	ひらがな	100
1:05:15	X	ひらがな	
1:52:43	U	\'_'	
